[debug] [2026-04-19T22:28:40.636Z] ----------------------------------------------------------------------
[debug] [2026-04-19T22:28:40.638Z] Command:       /usr/local/bin/node /usr/local/bin/firebase deploy --only functions
[debug] [2026-04-19T22:28:40.639Z] CLI Version:   15.1.0
[debug] [2026-04-19T22:28:40.639Z] Platform:      linux
[debug] [2026-04-19T22:28:40.639Z] Node Version:  v24.11.0
[debug] [2026-04-19T22:28:40.639Z] Time:          Sun Apr 19 2026 18:28:40 GMT-0400 (Eastern Daylight Time)
[debug] [2026-04-19T22:28:40.639Z] ----------------------------------------------------------------------
[debug] 
[debug] [2026-04-19T22:28:42.459Z] > command requires scopes: ["email","openid","https://www.googleapis.com/auth/cloudplatformprojects.readonly","https://www.googleapis.com/auth/firebase","https://www.googleapis.com/auth/cloud-platform"]
[debug] [2026-04-19T22:28:42.459Z] > authorizing via signed-in user (doubly202@gmail.com)
[debug] [2026-04-19T22:28:42.459Z] [iam] checking project doubly-messenging for permissions ["cloudfunctions.functions.create","cloudfunctions.functions.delete","cloudfunctions.functions.get","cloudfunctions.functions.list","cloudfunctions.functions.update","cloudfunctions.operations.get","firebase.projects.get"]
[debug] [2026-04-19T22:28:42.460Z] Checked if tokens are valid: true, expires at: 1776641155254
[debug] [2026-04-19T22:28:42.460Z] Checked if tokens are valid: true, expires at: 1776641155254
[debug] [2026-04-19T22:28:42.461Z] >>> [apiv2][query] POST https://cloudresourcemanager.googleapis.com/v1/projects/doubly-messenging:testIamPermissions [none]
[debug] [2026-04-19T22:28:42.461Z] >>> [apiv2][(partial)header] POST https://cloudresourcemanager.googleapis.com/v1/projects/doubly-messenging:testIamPermissions x-goog-quota-user=projects/doubly-messenging
[debug] [2026-04-19T22:28:42.461Z] >>> [apiv2][body] POST https://cloudresourcemanager.googleapis.com/v1/projects/doubly-messenging:testIamPermissions {"permissions":["cloudfunctions.functions.create","cloudfunctions.functions.delete","cloudfunctions.functions.get","cloudfunctions.functions.list","cloudfunctions.functions.update","cloudfunctions.operations.get","firebase.projects.get"]}
[debug] [2026-04-19T22:28:42.771Z] <<< [apiv2][status] POST https://cloudresourcemanager.googleapis.com/v1/projects/doubly-messenging:testIamPermissions 200
[debug] [2026-04-19T22:28:42.771Z] <<< [apiv2][body] POST https://cloudresourcemanager.googleapis.com/v1/projects/doubly-messenging:testIamPermissions {"permissions":["cloudfunctions.functions.create","cloudfunctions.functions.delete","cloudfunctions.functions.get","cloudfunctions.functions.list","cloudfunctions.functions.update","cloudfunctions.operations.get","firebase.projects.get"]}
[debug] [2026-04-19T22:28:42.771Z] Checked if tokens are valid: true, expires at: 1776641155254
[debug] [2026-04-19T22:28:42.771Z] Checked if tokens are valid: true, expires at: 1776641155254
[debug] [2026-04-19T22:28:42.771Z] >>> [apiv2][query] POST https://iam.googleapis.com/v1/projects/doubly-messenging/serviceAccounts/doubly-messenging@appspot.gserviceaccount.com:testIamPermissions [none]
[debug] [2026-04-19T22:28:42.771Z] >>> [apiv2][body] POST https://iam.googleapis.com/v1/projects/doubly-messenging/serviceAccounts/doubly-messenging@appspot.gserviceaccount.com:testIamPermissions {"permissions":["iam.serviceAccounts.actAs"]}
[debug] [2026-04-19T22:28:43.080Z] <<< [apiv2][status] POST https://iam.googleapis.com/v1/projects/doubly-messenging/serviceAccounts/doubly-messenging@appspot.gserviceaccount.com:testIamPermissions 200
[debug] [2026-04-19T22:28:43.080Z] <<< [apiv2][body] POST https://iam.googleapis.com/v1/projects/doubly-messenging/serviceAccounts/doubly-messenging@appspot.gserviceaccount.com:testIamPermissions {"permissions":["iam.serviceAccounts.actAs"]}
[info] 
[info] === Deploying to 'doubly-messenging'...
[info] 
[info] i  deploying functions 
[debug] [2026-04-19T22:28:43.082Z] Checked if tokens are valid: true, expires at: 1776641155254
[debug] [2026-04-19T22:28:43.082Z] Checked if tokens are valid: true, expires at: 1776641155254
[debug] [2026-04-19T22:28:43.082Z] >>> [apiv2][query] GET https://cloudresourcemanager.googleapis.com/v1/projects/doubly-messenging [none]
[debug] [2026-04-19T22:28:43.169Z] <<< [apiv2][status] GET https://cloudresourcemanager.googleapis.com/v1/projects/doubly-messenging 200
[debug] [2026-04-19T22:28:43.169Z] <<< [apiv2][body] GET https://cloudresourcemanager.googleapis.com/v1/projects/doubly-messenging {"projectNumber":"418458858405","projectId":"doubly-messenging","lifecycleState":"ACTIVE","name":"Doubly Messenging","labels":{"firebase":"enabled","firebase-core":"disabled"},"createTime":"2025-10-17T17:02:13.046068Z"}
[info] i  functions: preparing codebase default for deployment 
[info] i  functions: ensuring required API cloudfunctions.googleapis.com is enabled... 
[info] i  functions: ensuring required API cloudbuild.googleapis.com is enabled... 
[info] i  artifactregistry: ensuring required API artifactregistry.googleapis.com is enabled... 
[debug] [2026-04-19T22:28:43.170Z] Checked if tokens are valid: true, expires at: 1776641155254
[debug] [2026-04-19T22:28:43.170Z] Checked if tokens are valid: true, expires at: 1776641155254
[debug] [2026-04-19T22:28:43.170Z] >>> [apiv2][query] GET https://firebase.googleapis.com/v1beta1/projects/doubly-messenging/adminSdkConfig [none]
[debug] [2026-04-19T22:28:43.694Z] <<< [apiv2][status] GET https://firebase.googleapis.com/v1beta1/projects/doubly-messenging/adminSdkConfig 200
[debug] [2026-04-19T22:28:43.694Z] <<< [apiv2][body] GET https://firebase.googleapis.com/v1beta1/projects/doubly-messenging/adminSdkConfig {"projectId":"doubly-messenging","databaseURL":"https://doubly-messenging-default-rtdb.firebaseio.com","storageBucket":"doubly-messenging.firebasestorage.app"}
[debug] [2026-04-19T22:28:43.695Z] Checked if tokens are valid: true, expires at: 1776641155254
[debug] [2026-04-19T22:28:43.695Z] Checked if tokens are valid: true, expires at: 1776641155254
[debug] [2026-04-19T22:28:43.695Z] >>> [apiv2][query] GET https://runtimeconfig.googleapis.com/v1beta1/projects/doubly-messenging/configs [none]
[debug] [2026-04-19T22:28:43.968Z] <<< [apiv2][status] GET https://runtimeconfig.googleapis.com/v1beta1/projects/doubly-messenging/configs 200
[debug] [2026-04-19T22:28:43.968Z] <<< [apiv2][body] GET https://runtimeconfig.googleapis.com/v1beta1/projects/doubly-messenging/configs {"configs":[{"name":"projects/doubly-messenging/configs/stripe"}]}
[debug] [2026-04-19T22:28:43.969Z] Checked if tokens are valid: true, expires at: 1776641155254
[debug] [2026-04-19T22:28:43.969Z] Checked if tokens are valid: true, expires at: 1776641155254
[debug] [2026-04-19T22:28:43.969Z] >>> [apiv2][query] GET https://runtimeconfig.googleapis.com/v1beta1/projects/doubly-messenging/configs/stripe/variables [none]
[debug] [2026-04-19T22:28:44.262Z] <<< [apiv2][status] GET https://runtimeconfig.googleapis.com/v1beta1/projects/doubly-messenging/configs/stripe/variables 200
[debug] [2026-04-19T22:28:44.262Z] <<< [apiv2][body] GET https://runtimeconfig.googleapis.com/v1beta1/projects/doubly-messenging/configs/stripe/variables {"variables":[{"name":"projects/doubly-messenging/configs/stripe/variables/secret","updateTime":"2026-02-17T18:37:02.953648285Z"}]}
[debug] [2026-04-19T22:28:44.262Z] Checked if tokens are valid: true, expires at: 1776641155254
[debug] [2026-04-19T22:28:44.262Z] Checked if tokens are valid: true, expires at: 1776641155254
[debug] [2026-04-19T22:28:44.262Z] >>> [apiv2][query] GET https://runtimeconfig.googleapis.com/v1beta1/projects/doubly-messenging/configs/stripe/variables/secret [none]
[debug] [2026-04-19T22:28:44.406Z] <<< [apiv2][status] GET https://runtimeconfig.googleapis.com/v1beta1/projects/doubly-messenging/configs/stripe/variables/secret 200
[debug] [2026-04-19T22:28:44.406Z] <<< [apiv2][body] GET https://runtimeconfig.googleapis.com/v1beta1/projects/doubly-messenging/configs/stripe/variables/secret {"name":"projects/doubly-messenging/configs/stripe/variables/secret","updateTime":"2026-02-17T18:37:02.953648285Z","text":"sk_test_51Sw3IiPXfOAXW8GLG5wBGREF983jCdIpIqzNGatln6dGPR1XfhlAt6MF6pxq3c4PtKhNgeATQix0yeRgrFqxPTAt00aBdRQNCy"}
[debug] [2026-04-19T22:28:44.407Z] Validating nodejs source
[warn] ⚠  functions: package.json indicates an outdated version of firebase-functions. Please upgrade using npm install --save firebase-functions@latest in your functions directory. 
[warn] ⚠  functions: Please note that there will be breaking changes when you upgrade. 
[debug] [2026-04-19T22:28:45.246Z] > [functions] package.json contents: {
  "name": "functions",
  "description": "Cloud Functions for Firebase",
  "scripts": {
    "lint": "eslint .",
    "serve": "firebase emulators:start --only functions",
    "shell": "firebase functions:shell",
    "start": "npm run shell",
    "deploy": "firebase deploy --only functions",
    "logs": "firebase functions:log"
  },
  "engines": {
    "node": "18"
  },
  "main": "index.js",
  "dependencies": {
    "firebase-admin": "^13.8.0",
    "firebase-functions": "^4.9.0",
    "nodemailer": "^8.0.5",
    "stripe": "^20.3.1"
  },
  "devDependencies": {
    "eslint": "^8.15.0",
    "eslint-config-google": "^0.14.0"
  },
  "private": true
}
[debug] [2026-04-19T22:28:45.246Z] Building nodejs source
[info] i  functions: Loading and analyzing source code for codebase default to determine what to deploy 
[info] i  functions: You are using a version of firebase-functions SDK (4.9.0) that does not have support for the newest Firebase Extensions features. Please update firebase-functions SDK to >=5.1.0 to use them correctly 
[debug] [2026-04-19T22:28:45.247Z] Could not find functions.yaml. Must use http discovery
[debug] [2026-04-19T22:28:45.252Z] Found firebase-functions binary at '/home/prest/doubly/app/mobile-project/functions/node_modules/.bin/firebase-functions'
[info] Serving at port 8405

[debug] [2026-04-19T22:28:45.827Z] Got response from /__/functions.yaml {"endpoints":{"sendEmailVerificationCode":{"availableMemoryMb":null,"timeoutSeconds":null,"minInstances":null,"maxInstances":null,"ingressSettings":null,"concurrency":null,"serviceAccountEmail":null,"vpc":null,"platform":"gcfv2","labels":{},"callableTrigger":{},"entryPoint":"sendEmailVerificationCode"},"verifyEmailCode":{"availableMemoryMb":null,"timeoutSeconds":null,"minInstances":null,"maxInstances":null,"ingressSettings":null,"concurrency":null,"serviceAccountEmail":null,"vpc":null,"platform":"gcfv2","labels":{},"callableTrigger":{},"entryPoint":"verifyEmailCode"},"api":{"availableMemoryMb":null,"timeoutSeconds":null,"minInstances":null,"maxInstances":null,"ingressSettings":null,"concurrency":null,"serviceAccountEmail":null,"vpc":null,"platform":"gcfv2","region":["us-central1"],"secretEnvironmentVariables":[{"key":"STRIPE_SECRET_KEY"},{"key":"STRIPE_WEBHOOK_SECRET"}],"labels":{},"httpsTrigger":{},"entryPoint":"api"}},"specVersion":"v1alpha1","requiredAPIs":[]}
[info] i  functions: Loaded environment variables from .env. 
[info] i  functions: preparing functions directory for uploading... 
[info] i  functions: packaged /home/prest/doubly/app/mobile-project/functions (47.61 KB) for uploading 
[debug] [2026-04-19T22:28:49.875Z] Checked if tokens are valid: true, expires at: 1776641155254
[debug] [2026-04-19T22:28:49.875Z] Checked if tokens are valid: true, expires at: 1776641155254
[debug] [2026-04-19T22:28:49.875Z] >>> [apiv2][query] GET https://cloudfunctions.googleapis.com/v1/projects/doubly-messenging/locations/-/functions [none]
[debug] [2026-04-19T22:28:50.478Z] <<< [apiv2][status] GET https://cloudfunctions.googleapis.com/v1/projects/doubly-messenging/locations/-/functions 200
[debug] [2026-04-19T22:28:50.478Z] <<< [apiv2][body] GET https://cloudfunctions.googleapis.com/v1/projects/doubly-messenging/locations/-/functions {}
[debug] [2026-04-19T22:28:50.478Z] Checked if tokens are valid: true, expires at: 1776641155254
[debug] [2026-04-19T22:28:50.478Z] Checked if tokens are valid: true, expires at: 1776641155254
[debug] [2026-04-19T22:28:50.479Z] >>> [apiv2][query] GET https://cloudfunctions.googleapis.com/v2/projects/doubly-messenging/locations/-/functions filter=environment%3D%22GEN_2%22
[debug] [2026-04-19T22:28:51.015Z] <<< [apiv2][status] GET https://cloudfunctions.googleapis.com/v2/projects/doubly-messenging/locations/-/functions 200
[debug] [2026-04-19T22:28:51.015Z] <<< [apiv2][body] GET https://cloudfunctions.googleapis.com/v2/projects/doubly-messenging/locations/-/functions {"functions":[{"name":"projects/doubly-messenging/locations/us-central1/functions/verifyEmailCode","buildConfig":{"build":"projects/418458858405/locations/us-central1/builds/1c11763b-cf79-4ce2-98e4-f8e5c607fd93","runtime":"nodejs24","entryPoint":"verifyEmailCode","source":{"storageSource":{"bucket":"gcf-v2-sources-418458858405-us-central1","object":"verifyEmailCode/function-source.zip","generation":"1776622638835576"}},"environmentVariables":{"GOOGLE_NODE_RUN_SCRIPTS":""},"dockerRepository":"projects/doubly-messenging/locations/us-central1/repositories/gcf-artifacts","sourceProvenance":{"resolvedStorageSource":{"bucket":"gcf-v2-sources-418458858405-us-central1","object":"verifyEmailCode/function-source.zip","generation":"1776622638835576"}},"dockerRegistry":"ARTIFACT_REGISTRY","serviceAccount":"projects/doubly-messenging/serviceAccounts/418458858405-compute@developer.gserviceaccount.com","automaticUpdatePolicy":{}},"serviceConfig":{"service":"projects/doubly-messenging/locations/us-central1/services/verifyemailcode","timeoutSeconds":60,"environmentVariables":{"STRIPE_PUBLISHABLE_KEY":"pk_test_51Sw3IiPXfOAXW8GLOdcuuNYqiwjI0DemhmgGHgFgGpbN6ZnZL6pgZdZ6rWVSkzSUKExQQCqkYGYS1oLRSxF2qzc800EJF7JZNm","FIREBASE_CONFIG":"{\"projectId\":\"doubly-messenging\",\"databaseURL\":\"https://doubly-messenging-default-rtdb.firebaseio.com\",\"storageBucket\":\"doubly-messenging.firebasestorage.app\"}","GCLOUD_PROJECT":"doubly-messenging","EVENTARC_CLOUD_EVENT_SOURCE":"projects/doubly-messenging/locations/us-central1/services/verifyEmailCode","FUNCTION_TARGET":"verifyEmailCode","LOG_EXECUTION_ID":"true"},"maxInstanceCount":20,"ingressSettings":"ALLOW_ALL","uri":"https://verifyemailcode-2i5ml5nzlq-uc.a.run.app","serviceAccountEmail":"418458858405-compute@developer.gserviceaccount.com","availableMemory":"256Mi","allTrafficOnLatestRevision":true,"revision":"verifyemailcode-00051-tah","maxInstanceRequestConcurrency":80,"availableCpu":"1"},"state":"ACTIVE","updateTime":"2026-04-19T18:19:34.727171387Z","labels":{"deployment-callable":"true","firebase-functions-hash":"975162eee5b42cb188ff5a1bb961ad0fedc2cac7","deployment-tool":"cli-firebase"},"environment":"GEN_2","url":"https://us-central1-doubly-messenging.cloudfunctions.net/verifyEmailCode","createTime":"2026-02-17T19:01:26.456671760Z","satisfiesPzi":true},{"name":"projects/doubly-messenging/locations/us-central1/functions/sendEmailVerificationCode","buildConfig":{"build":"projects/418458858405/locations/us-central1/builds/27c6982e-3914-4d64-9cbd-e4147b259d65","runtime":"nodejs24","entryPoint":"sendEmailVerificationCode","source":{"storageSource":{"bucket":"gcf-v2-sources-418458858405-us-central1","object":"sendEmailVerificationCode/function-source.zip","generation":"1776622638527992"}},"environmentVariables":{"GOOGLE_NODE_RUN_SCRIPTS":""},"dockerRepository":"projects/doubly-messenging/locations/us-central1/repositories/gcf-artifacts","sourceProvenance":{"resolvedStorageSource":{"bucket":"gcf-v2-sources-418458858405-us-central1","object":"sendEmailVerificationCode/function-source.zip","generation":"1776622638527992"}},"dockerRegistry":"ARTIFACT_REGISTRY","serviceAccount":"projects/doubly-messenging/serviceAccounts/418458858405-compute@developer.gserviceaccount.com","automaticUpdatePolicy":{}},"serviceConfig":{"service":"projects/doubly-messenging/locations/us-central1/services/sendemailverificationcode","timeoutSeconds":60,"environmentVariables":{"STRIPE_PUBLISHABLE_KEY":"pk_test_51Sw3IiPXfOAXW8GLOdcuuNYqiwjI0DemhmgGHgFgGpbN6ZnZL6pgZdZ6rWVSkzSUKExQQCqkYGYS1oLRSxF2qzc800EJF7JZNm","FIREBASE_CONFIG":"{\"projectId\":\"doubly-messenging\",\"databaseURL\":\"https://doubly-messenging-default-rtdb.firebaseio.com\",\"storageBucket\":\"doubly-messenging.firebasestorage.app\"}","GCLOUD_PROJECT":"doubly-messenging","EVENTARC_CLOUD_EVENT_SOURCE":"projects/doubly-messenging/locations/us-central1/services/sendEmailVerificationCode","FUNCTION_TARGET":"sendEmailVerificationCode","LOG_EXECUTION_ID":"true"},"maxInstanceCount":20,"ingressSettings":"ALLOW_ALL","uri":"https://sendemailverificationcode-2i5ml5nzlq-uc.a.run.app","serviceAccountEmail":"418458858405-compute@developer.gserviceaccount.com","availableMemory":"256Mi","allTrafficOnLatestRevision":true,"revision":"sendemailverificationcode-00051-nur","maxInstanceRequestConcurrency":80,"availableCpu":"1"},"state":"ACTIVE","updateTime":"2026-04-19T18:17:56.200349187Z","labels":{"deployment-callable":"true","firebase-functions-hash":"975162eee5b42cb188ff5a1bb961ad0fedc2cac7","deployment-tool":"cli-firebase"},"environment":"GEN_2","url":"https://us-central1-doubly-messenging.cloudfunctions.net/sendEmailVerificationCode","createTime":"2026-02-17T19:01:26.474302235Z","satisfiesPzi":true},{"name":"projects/doubly-messenging/locations/us-central1/functions/api","buildConfig":{"build":"projects/418458858405/locations/us-central1/builds/22ed2bd9-785a-4277-87b2-317ad494672c","runtime":"nodejs24","entryPoint":"api","source":{"storageSource":{"bucket":"gcf-v2-sources-418458858405-us-central1","object":"api/function-source.zip","generation":"1776622638849098"}},"environmentVariables":{"GOOGLE_NODE_RUN_SCRIPTS":""},"dockerRepository":"projects/doubly-messenging/locations/us-central1/repositories/gcf-artifacts","sourceProvenance":{"resolvedStorageSource":{"bucket":"gcf-v2-sources-418458858405-us-central1","object":"api/function-source.zip","generation":"1776622638849098"}},"dockerRegistry":"ARTIFACT_REGISTRY","serviceAccount":"projects/doubly-messenging/serviceAccounts/418458858405-compute@developer.gserviceaccount.com","automaticUpdatePolicy":{}},"serviceConfig":{"service":"projects/doubly-messenging/locations/us-central1/services/api","timeoutSeconds":60,"environmentVariables":{"STRIPE_PUBLISHABLE_KEY":"pk_test_51Sw3IiPXfOAXW8GLOdcuuNYqiwjI0DemhmgGHgFgGpbN6ZnZL6pgZdZ6rWVSkzSUKExQQCqkYGYS1oLRSxF2qzc800EJF7JZNm","FIREBASE_CONFIG":"{\"projectId\":\"doubly-messenging\",\"databaseURL\":\"https://doubly-messenging-default-rtdb.firebaseio.com\",\"storageBucket\":\"doubly-messenging.firebasestorage.app\"}","GCLOUD_PROJECT":"doubly-messenging","EVENTARC_CLOUD_EVENT_SOURCE":"projects/doubly-messenging/locations/us-central1/services/api","FUNCTION_TARGET":"api","LOG_EXECUTION_ID":"true"},"maxInstanceCount":20,"ingressSettings":"ALLOW_ALL","uri":"https://api-2i5ml5nzlq-uc.a.run.app","serviceAccountEmail":"418458858405-compute@developer.gserviceaccount.com","availableMemory":"256Mi","allTrafficOnLatestRevision":true,"secretEnvironmentVariables":[{"key":"STRIPE_SECRET_KEY","projectId":"doubly-messenging","secret":"STRIPE_SECRET_KEY","version":"4"},{"key":"STRIPE_WEBHOOK_SECRET","projectId":"doubly-messenging","secret":"STRIPE_WEBHOOK_SECRET","version":"1"}],"revision":"api-00053-nax","maxInstanceRequestConcurrency":80,"availableCpu":"1"},"state":"ACTIVE","updateTime":"2026-04-19T18:19:37.305273922Z","labels":{"deployment-tool":"cli-firebase","firebase-functions-hash":"e65aafcd06c2edcd50f2876a8fe78507bc654822"},"environment":"GEN_2","url":"https://us-central1-doubly-messenging.cloudfunctions.net/api","createTime":"2026-02-17T19:10:02.833518194Z","satisfiesPzi":true},{"name":"projects/doubly-messenging/locations/us-central1/functions/ext-firestore-send-email-processqueue","description":"Processes document changes in the specified Cloud Firestore collection, delivers emails, and updates the document with delivery status information.","buildConfig":{"build":"projects/418458858405/locations/us-central1/builds/8a125b6e-2be4-4f4f-819a-6436e93d1292","runtime":"nodejs22","entryPoint":"processQueue","source":{"storageSource":{"bucket":"gcf-v2-sources-418458858405-us-central1","object":"ext-firestore-send-email-processqueue/function-source.zip","generation":"1767056780874828"}},"dockerRepository":"projects/doubly-messenging/locations/us-central1/repositories/gcf-artifacts","sourceProvenance":{"resolvedStorageSource":{"bucket":"gcf-v2-sources-418458858405-us-central1","object":"ext-firestore-send-email-processqueue/function-source.zip","generation":"1767056780874828"}},"dockerRegistry":"ARTIFACT_REGISTRY","serviceAccount":"projects/doubly-messenging/serviceAccounts/418458858405-compute@developer.gserviceaccount.com"},"serviceConfig":{"service":"projects/doubly-messenging/locations/us-central1/services/ext-firestore-send-email-processqueue","timeoutSeconds":120,"environmentVariables":{"AUTH_TYPE":"UsernamePassword","DATABASE":"(default)","DATABASE_INSTANCE":"","DATABASE_REGION":"nam5","DATABASE_URL":"","DEFAULT_FROM":"doubly202@gmail.com","EXT_INSTANCE_ID":"firestore-send-email","FIREBASE_CONFIG":"{\"projectId\":\"doubly-messenging\",\"databaseURL\":\"\",\"storageBucket\":\"doubly-messenging.firebasestorage.app\"}","FUNCTION_SIGNATURE_TYPE":"cloudevent","GCLOUD_PROJECT":"doubly-messenging","LOCATION":"us-central1","MAIL_COLLECTION":"mail","OAUTH_PORT":"465","OAUTH_SECURE":"true","PROJECT_ID":"doubly-messenging","SMTP_CONNECTION_URI":"smtps://doubly202@gmail.com:cznhhnohipcpaemt@smtp.gmail.com:465","STORAGE_BUCKET":"doubly-messenging.firebasestorage.app","TTL_EXPIRE_TYPE":"never","TTL_EXPIRE_VALUE":"1","LOG_EXECUTION_ID":"true"},"maxInstanceCount":100,"ingressSettings":"ALLOW_INTERNAL_ONLY","uri":"https://ext-firestore-send-email-processqueue-2i5ml5nzlq-uc.a.run.app","serviceAccountEmail":"ext-firestore-send-email@doubly-messenging.iam.gserviceaccount.com","availableMemory":"256Mi","allTrafficOnLatestRevision":true,"revision":"ext-firestore-send-email-processqueue-00002-yiq","maxInstanceRequestConcurrency":1,"availableCpu":"0.1666"},"eventTrigger":{"trigger":"projects/doubly-messenging/locations/nam5/triggers/ext-firestore-send-email-processqueue-347695","triggerRegion":"nam5","eventType":"google.cloud.firestore.document.v1.written","eventFilters":[{"attribute":"document","value":"mail/{documentId}","operator":"match-path-pattern"},{"attribute":"database","value":"(default)"}],"pubsubTopic":"projects/doubly-messenging/topics/eventarc-nam5-ext-firestore-send-email-processqueue-347695-187","serviceAccountEmail":"418458858405-compute@developer.gserviceaccount.com","retryPolicy":"RETRY_POLICY_DO_NOT_RETRY"},"state":"ACTIVE","updateTime":"2026-03-06T18:45:06.477501094Z","labels":{"goog-firebase-ext-iid":"firestore-send-email","goog-dm":"firebase-ext-firestore-send-email","goog-firebase-ext":"firestore-send-email","deployment-tool":"firebase-extensions"},"environment":"GEN_2","url":"https://us-central1-doubly-messenging.cloudfunctions.net/ext-firestore-send-email-processqueue","createTime":"2025-12-30T01:03:56.293265014Z","satisfiesPzi":true}]}
[info] i  functions: ensuring required API run.googleapis.com is enabled... 
[info] i  functions: ensuring required API eventarc.googleapis.com is enabled... 
[info] i  functions: ensuring required API pubsub.googleapis.com is enabled... 
[info] i  functions: ensuring required API storage.googleapis.com is enabled... 
[info] i  functions: generating the service identity for pubsub.googleapis.com... 
[debug] [2026-04-19T22:28:51.018Z] Checked if tokens are valid: true, expires at: 1776641155254
[debug] [2026-04-19T22:28:51.018Z] Checked if tokens are valid: true, expires at: 1776641155254
[info] i  functions: generating the service identity for eventarc.googleapis.com... 
[debug] [2026-04-19T22:28:51.018Z] Checked if tokens are valid: true, expires at: 1776641155254
[debug] [2026-04-19T22:28:51.018Z] Checked if tokens are valid: true, expires at: 1776641155254
[debug] [2026-04-19T22:28:51.018Z] >>> [apiv2][query] POST https://serviceusage.googleapis.com/v1beta1/projects/418458858405/services/pubsub.googleapis.com:generateServiceIdentity [none]
[debug] [2026-04-19T22:28:51.018Z] >>> [apiv2][(partial)header] POST https://serviceusage.googleapis.com/v1beta1/projects/418458858405/services/pubsub.googleapis.com:generateServiceIdentity x-goog-quota-user=projects/418458858405
[debug] [2026-04-19T22:28:51.018Z] >>> [apiv2][body] POST https://serviceusage.googleapis.com/v1beta1/projects/418458858405/services/pubsub.googleapis.com:generateServiceIdentity {}
[debug] [2026-04-19T22:28:51.019Z] >>> [apiv2][query] POST https://serviceusage.googleapis.com/v1beta1/projects/418458858405/services/eventarc.googleapis.com:generateServiceIdentity [none]
[debug] [2026-04-19T22:28:51.019Z] >>> [apiv2][(partial)header] POST https://serviceusage.googleapis.com/v1beta1/projects/418458858405/services/eventarc.googleapis.com:generateServiceIdentity x-goog-quota-user=projects/418458858405
[debug] [2026-04-19T22:28:51.019Z] >>> [apiv2][body] POST https://serviceusage.googleapis.com/v1beta1/projects/418458858405/services/eventarc.googleapis.com:generateServiceIdentity {}
[debug] [2026-04-19T22:28:51.462Z] <<< [apiv2][status] POST https://serviceusage.googleapis.com/v1beta1/projects/418458858405/services/eventarc.googleapis.com:generateServiceIdentity 200
[debug] [2026-04-19T22:28:51.462Z] <<< [apiv2][body] POST https://serviceusage.googleapis.com/v1beta1/projects/418458858405/services/eventarc.googleapis.com:generateServiceIdentity {"name":"operations/finished.DONE_OPERATION","done":true,"response":{"@type":"type.googleapis.com/google.api.serviceusage.v1beta1.ServiceIdentity","email":"service-418458858405@gcp-sa-eventarc.iam.gserviceaccount.com","uniqueId":"109863051330942014584"}}
[debug] [2026-04-19T22:28:51.475Z] <<< [apiv2][status] POST https://serviceusage.googleapis.com/v1beta1/projects/418458858405/services/pubsub.googleapis.com:generateServiceIdentity 200
[debug] [2026-04-19T22:28:51.476Z] <<< [apiv2][body] POST https://serviceusage.googleapis.com/v1beta1/projects/418458858405/services/pubsub.googleapis.com:generateServiceIdentity {"name":"operations/finished.DONE_OPERATION","done":true,"response":{"@type":"type.googleapis.com/google.api.serviceusage.v1beta1.ServiceIdentity","email":"service-418458858405@gcp-sa-pubsub.iam.gserviceaccount.com","uniqueId":"100546838829717945761"}}
[info] i  functions: ensuring required API secretmanager.googleapis.com is enabled... 
[debug] [2026-04-19T22:28:51.477Z] Checked if tokens are valid: true, expires at: 1776641155254
[debug] [2026-04-19T22:28:51.477Z] Checked if tokens are valid: true, expires at: 1776641155254
[debug] [2026-04-19T22:28:51.477Z] Checked if tokens are valid: true, expires at: 1776641155254
[debug] [2026-04-19T22:28:51.477Z] Checked if tokens are valid: true, expires at: 1776641155254
[debug] [2026-04-19T22:28:51.477Z] >>> [apiv2][query] GET https://secretmanager.googleapis.com/v1/projects/doubly-messenging/secrets/STRIPE_SECRET_KEY/versions/latest [none]
[debug] [2026-04-19T22:28:51.478Z] >>> [apiv2][query] GET https://secretmanager.googleapis.com/v1/projects/doubly-messenging/secrets/STRIPE_WEBHOOK_SECRET/versions/latest [none]
[debug] [2026-04-19T22:28:51.697Z] <<< [apiv2][status] GET https://secretmanager.googleapis.com/v1/projects/doubly-messenging/secrets/STRIPE_WEBHOOK_SECRET/versions/latest 200
[debug] [2026-04-19T22:28:51.697Z] <<< [apiv2][body] GET https://secretmanager.googleapis.com/v1/projects/doubly-messenging/secrets/STRIPE_WEBHOOK_SECRET/versions/latest {"name":"projects/418458858405/secrets/STRIPE_WEBHOOK_SECRET/versions/1","createTime":"2026-04-18T03:42:32.928661Z","state":"ENABLED","replicationStatus":{"automatic":{}},"etag":"\"164fb3db0ae595\""}
[debug] [2026-04-19T22:28:51.697Z] Resolved secret version of STRIPE_WEBHOOK_SECRET to 1.
[debug] [2026-04-19T22:28:51.731Z] <<< [apiv2][status] GET https://secretmanager.googleapis.com/v1/projects/doubly-messenging/secrets/STRIPE_SECRET_KEY/versions/latest 200
[debug] [2026-04-19T22:28:51.731Z] <<< [apiv2][body] GET https://secretmanager.googleapis.com/v1/projects/doubly-messenging/secrets/STRIPE_SECRET_KEY/versions/latest {"name":"projects/418458858405/secrets/STRIPE_SECRET_KEY/versions/4","createTime":"2026-04-18T06:42:35.012142Z","state":"ENABLED","replicationStatus":{"automatic":{}},"etag":"\"164fb65ee59c2e\""}
[debug] [2026-04-19T22:28:51.731Z] Resolved secret version of STRIPE_SECRET_KEY to 4.
[debug] [2026-04-19T22:28:51.732Z] Checked if tokens are valid: true, expires at: 1776641155254
[debug] [2026-04-19T22:28:51.732Z] Checked if tokens are valid: true, expires at: 1776641155254
[debug] [2026-04-19T22:28:51.732Z] >>> [apiv2][query] GET https://cloudresourcemanager.googleapis.com/v1/projects/doubly-messenging [none]
[debug] [2026-04-19T22:28:52.006Z] <<< [apiv2][status] GET https://cloudresourcemanager.googleapis.com/v1/projects/doubly-messenging 200
[debug] [2026-04-19T22:28:52.007Z] <<< [apiv2][body] GET https://cloudresourcemanager.googleapis.com/v1/projects/doubly-messenging {"projectNumber":"418458858405","projectId":"doubly-messenging","lifecycleState":"ACTIVE","name":"Doubly Messenging","labels":{"firebase":"enabled","firebase-core":"disabled"},"createTime":"2025-10-17T17:02:13.046068Z"}
[debug] [2026-04-19T22:28:52.007Z] Checked if tokens are valid: true, expires at: 1776641155254
[debug] [2026-04-19T22:28:52.007Z] Checked if tokens are valid: true, expires at: 1776641155254
[debug] [2026-04-19T22:28:52.007Z] >>> [apiv2][query] GET https://compute.googleapis.com/compute/v1/projects/418458858405 [none]
[debug] [2026-04-19T22:28:52.386Z] <<< [apiv2][status] GET https://compute.googleapis.com/compute/v1/projects/418458858405 200
[debug] [2026-04-19T22:28:52.386Z] <<< [apiv2][body] GET https://compute.googleapis.com/compute/v1/projects/418458858405 {"kind":"compute#project","id":"8163602105332836205","creationTimestamp":"2025-12-29T16:14:58.223-08:00","name":"doubly-messenging","commonInstanceMetadata":{"kind":"compute#metadata","fingerprint":"9BWlOaPlqLc="},"quotas":[{"metric":"SNAPSHOTS","limit":1000,"usage":0},{"metric":"NETWORKS","limit":5,"usage":1},{"metric":"FIREWALLS","limit":100,"usage":4},{"metric":"IMAGES","limit":100,"usage":0},{"metric":"STATIC_ADDRESSES","limit":8,"usage":0},{"metric":"ROUTES","limit":200,"usage":0},{"metric":"FORWARDING_RULES","limit":15,"usage":0},{"metric":"TARGET_POOLS","limit":50,"usage":0},{"metric":"HEALTH_CHECKS","limit":75,"usage":0},{"metric":"IN_USE_ADDRESSES","limit":8,"usage":0},{"metric":"TARGET_INSTANCES","limit":50,"usage":0},{"metric":"TARGET_HTTP_PROXIES","limit":10,"usage":0},{"metric":"URL_MAPS","limit":10,"usage":0},{"metric":"BACKEND_SERVICES","limit":50,"usage":0},{"metric":"INSTANCE_TEMPLATES","limit":100,"usage":0},{"metric":"TARGET_VPN_GATEWAYS","limit":5,"usage":0},{"metric":"VPN_TUNNELS","limit":10,"usage":0},{"metric":"BACKEND_BUCKETS","limit":3,"usage":0},{"metric":"ROUTERS","limit":10,"usage":0},{"metric":"TARGET_SSL_PROXIES","limit":10,"usage":0},{"metric":"TARGET_HTTPS_PROXIES","limit":10,"usage":0},{"metric":"SSL_CERTIFICATES","limit":10,"usage":0},{"metric":"SUBNETWORKS","limit":100,"usage":0},{"metric":"TARGET_TCP_PROXIES","limit":10,"usage":0},{"metric":"CPUS_ALL_REGIONS","limit":32,"usage":0},{"metric":"SECURITY_POLICIES","limit":10,"usage":0},{"metric":"SECURITY_POLICY_RULES","limit":100,"usage":0},{"metric":"XPN_SERVICE_PROJECTS","limit":1000,"usage":0},{"metric":"PACKET_MIRRORINGS","limit":20,"usage":0},{"metric":"NETWORK_ENDPOINT_GROUPS","limit":100,"usage":0},{"metric":"INTERCONNECTS","limit":6,"usage":0},{"metric":"SSL_POLICIES","limit":10,"usage":0},{"metric":"GLOBAL_INTERNAL_ADDRESSES","limit":5000,"usage":0},{"metric":"VPN_GATEWAYS","limit":5,"usage":0},{"metric":"MACHINE_IMAGES","limit":100,"usage":0},{"metric":"SECURITY_POLICY_CEVAL_RULES","limit":20,"usage":0},{"metric":"GPUS_ALL_REGIONS","limit":0,"usage":0},{"metric":"EXTERNAL_VPN_GATEWAYS","limit":5,"usage":0},{"metric":"PUBLIC_ADVERTISED_PREFIXES","limit":1,"usage":0},{"metric":"PUBLIC_DELEGATED_PREFIXES","limit":10,"usage":0},{"metric":"STATIC_BYOIP_ADDRESSES","limit":128,"usage":0},{"metric":"NETWORK_FIREWALL_POLICIES","limit":10,"usage":0},{"metric":"INTERNAL_TRAFFIC_DIRECTOR_FORWARDING_RULES","limit":15,"usage":0},{"metric":"GLOBAL_EXTERNAL_MANAGED_FORWARDING_RULES","limit":15,"usage":0},{"metric":"GLOBAL_INTERNAL_MANAGED_BACKEND_SERVICES","limit":50,"usage":0},{"metric":"GLOBAL_EXTERNAL_MANAGED_BACKEND_SERVICES","limit":50,"usage":0},{"metric":"GLOBAL_EXTERNAL_PROXY_LB_BACKEND_SERVICES","limit":50,"usage":0},{"metric":"GLOBAL_INTERNAL_TRAFFIC_DIRECTOR_BACKEND_SERVICES","limit":250,"usage":0}],"selfLink":"https://www.googleapis.com/compute/v1/projects/doubly-messenging","defaultServiceAccount":"418458858405-compute@developer.gserviceaccount.com","xpnProjectStatus":"UNSPECIFIED_XPN_PROJECT_STATUS","defaultNetworkTier":"PREMIUM","vmDnsSetting":"ZONAL_ONLY","cloudArmorTier":"CA_STANDARD"}
[debug] [2026-04-19T22:28:52.387Z] Checked if tokens are valid: true, expires at: 1776641155254
[debug] [2026-04-19T22:28:52.388Z] Checked if tokens are valid: true, expires at: 1776641155254
[debug] [2026-04-19T22:28:52.388Z] >>> [apiv2][query] POST https://cloudfunctions.googleapis.com/v2/projects/doubly-messenging/locations/us-central1/functions:generateUploadUrl [none]
[debug] [2026-04-19T22:28:52.714Z] <<< [apiv2][status] POST https://cloudfunctions.googleapis.com/v2/projects/doubly-messenging/locations/us-central1/functions:generateUploadUrl 200
[debug] [2026-04-19T22:28:52.714Z] <<< [apiv2][body] POST https://cloudfunctions.googleapis.com/v2/projects/doubly-messenging/locations/us-central1/functions:generateUploadUrl {"uploadUrl":"https://storage.googleapis.com/gcf-v2-uploads-418458858405.us-central1.cloudfunctions.appspot.com/61a1df66-25ee-40b4-9aab-bd0cd6317a39.zip?GoogleAccessId=service-418458858405@gcf-admin-robot.iam.gserviceaccount.com&Expires=1776639531&Signature=bkrfLJ%2FqFCzHpY%2FuSRMFJsDg49Cc36jdUB9lLRrWN7EvfQrwHLFlQavVLiBNQKkYKgwNGvpq2%2BvykVlhQDoBzkI3r%2B6FuVcbWlItEXduAbXzkdvPrsgnvOAVqLd1jS4KfqHGX%2B5%2Fq0nktLp4%2F5Zz%2FIXvSNGDZHqCaUES35WPPvR%2FMuxY0wcxo13mAF%2Fl%2FV5Z%2FYfUlr5nFsa%2FU2gFn0LzoC%2FQyXyC0%2F30BRS3yvQ7lY3VsLJCjmnWVptkHVbQUPnedlRz3q9KnHD6JVGAz33psXmc%2Bz6wKBnLQ%2B7IvEZGxRP9EMNDb%2BxwuRhHZw9y1tNf4KcCP9VsqEuufYNUPGFzmQ%3D%3D","storageSource":{"bucket":"gcf-v2-uploads-418458858405.us-central1.cloudfunctions.appspot.com","object":"61a1df66-25ee-40b4-9aab-bd0cd6317a39.zip"}}
[debug] [2026-04-19T22:28:52.714Z] >>> [apiv2][query] PUT https://storage.googleapis.com/gcf-v2-uploads-418458858405.us-central1.cloudfunctions.appspot.com/61a1df66-25ee-40b4-9aab-bd0cd6317a39.zip GoogleAccessId=service-418458858405%40gcf-admin-robot.iam.gserviceaccount.com&Expires=1776639531&Signature=bkrfLJ%2FqFCzHpY%2FuSRMFJsDg49Cc36jdUB9lLRrWN7EvfQrwHLFlQavVLiBNQKkYKgwNGvpq2%2BvykVlhQDoBzkI3r%2B6FuVcbWlItEXduAbXzkdvPrsgnvOAVqLd1jS4KfqHGX%2B5%2Fq0nktLp4%2F5Zz%2FIXvSNGDZHqCaUES35WPPvR%2FMuxY0wcxo13mAF%2Fl%2FV5Z%2FYfUlr5nFsa%2FU2gFn0LzoC%2FQyXyC0%2F30BRS3yvQ7lY3VsLJCjmnWVptkHVbQUPnedlRz3q9KnHD6JVGAz33psXmc%2Bz6wKBnLQ%2B7IvEZGxRP9EMNDb%2BxwuRhHZw9y1tNf4KcCP9VsqEuufYNUPGFzmQ%3D%3D
[debug] [2026-04-19T22:28:52.715Z] >>> [apiv2][body] PUT https://storage.googleapis.com/gcf-v2-uploads-418458858405.us-central1.cloudfunctions.appspot.com/61a1df66-25ee-40b4-9aab-bd0cd6317a39.zip [stream]
[debug] [2026-04-19T22:28:53.033Z] <<< [apiv2][status] PUT https://storage.googleapis.com/gcf-v2-uploads-418458858405.us-central1.cloudfunctions.appspot.com/61a1df66-25ee-40b4-9aab-bd0cd6317a39.zip 200
[debug] [2026-04-19T22:28:53.033Z] <<< [apiv2][body] PUT https://storage.googleapis.com/gcf-v2-uploads-418458858405.us-central1.cloudfunctions.appspot.com/61a1df66-25ee-40b4-9aab-bd0cd6317a39.zip [omitted]
[info] ✔  functions: functions source uploaded successfully 
[info] i  functions: updating Node.js 24 (2nd Gen) function sendEmailVerificationCode(us-central1)... 
[debug] [2026-04-19T22:28:53.036Z] Checked if tokens are valid: true, expires at: 1776641155254
[debug] [2026-04-19T22:28:53.037Z] Checked if tokens are valid: true, expires at: 1776641155254
[info] i  functions: updating Node.js 24 (2nd Gen) function verifyEmailCode(us-central1)... 
[debug] [2026-04-19T22:28:53.037Z] Checked if tokens are valid: true, expires at: 1776641155254
[debug] [2026-04-19T22:28:53.037Z] Checked if tokens are valid: true, expires at: 1776641155254
[info] i  functions: updating Node.js 24 (2nd Gen) function api(us-central1)... 
[debug] [2026-04-19T22:28:53.037Z] Checked if tokens are valid: true, expires at: 1776641155254
[debug] [2026-04-19T22:28:53.037Z] Checked if tokens are valid: true, expires at: 1776641155254
[debug] [2026-04-19T22:28:53.038Z] >>> [apiv2][query] PATCH https://cloudfunctions.googleapis.com/v2/projects/doubly-messenging/locations/us-central1/functions/sendEmailVerificationCode updateMask=name%2CbuildConfig.runtime%2CbuildConfig.entryPoint%2CbuildConfig.source.storageSource.bucket%2CbuildConfig.source.storageSource.object%2CbuildConfig.environmentVariables%2CserviceConfig.environmentVariables%2CserviceConfig.ingressSettings%2CserviceConfig.timeoutSeconds%2CserviceConfig.serviceAccountEmail%2CserviceConfig.availableMemory%2CserviceConfig.minInstanceCount%2CserviceConfig.maxInstanceCount%2CserviceConfig.maxInstanceRequestConcurrency%2CserviceConfig.availableCpu%2CserviceConfig.vpcConnector%2CserviceConfig.vpcConnectorEgressSettings%2Clabels
[debug] [2026-04-19T22:28:53.038Z] >>> [apiv2][body] PATCH https://cloudfunctions.googleapis.com/v2/projects/doubly-messenging/locations/us-central1/functions/sendEmailVerificationCode {"name":"projects/doubly-messenging/locations/us-central1/functions/sendEmailVerificationCode","buildConfig":{"runtime":"nodejs24","entryPoint":"sendEmailVerificationCode","source":{"storageSource":{"bucket":"gcf-v2-uploads-418458858405.us-central1.cloudfunctions.appspot.com","object":"61a1df66-25ee-40b4-9aab-bd0cd6317a39.zip"}},"environmentVariables":{"GOOGLE_NODE_RUN_SCRIPTS":""}},"serviceConfig":{"environmentVariables":{"STRIPE_PUBLISHABLE_KEY":"pk_test_51Sw3IiPXfOAXW8GLOdcuuNYqiwjI0DemhmgGHgFgGpbN6ZnZL6pgZdZ6rWVSkzSUKExQQCqkYGYS1oLRSxF2qzc800EJF7JZNm","FIREBASE_CONFIG":"{\"projectId\":\"doubly-messenging\",\"databaseURL\":\"https://doubly-messenging-default-rtdb.firebaseio.com\",\"storageBucket\":\"doubly-messenging.firebasestorage.app\"}","GCLOUD_PROJECT":"doubly-messenging","EVENTARC_CLOUD_EVENT_SOURCE":"projects/doubly-messenging/locations/us-central1/services/sendEmailVerificationCode","FUNCTION_TARGET":"sendEmailVerificationCode","LOG_EXECUTION_ID":"true"},"ingressSettings":null,"timeoutSeconds":null,"serviceAccountEmail":null,"availableMemory":"256Mi","minInstanceCount":null,"maxInstanceCount":null,"maxInstanceRequestConcurrency":80,"availableCpu":"1","vpcConnector":null,"vpcConnectorEgressSettings":null},"labels":{"deployment-tool":"cli-firebase","deployment-callable":"true","firebase-functions-hash":"30ecb0b240edf414fdc1d268af59f70fcd5e28ce"}}
[debug] [2026-04-19T22:28:53.038Z] >>> [apiv2][query] PATCH https://cloudfunctions.googleapis.com/v2/projects/doubly-messenging/locations/us-central1/functions/verifyEmailCode updateMask=name%2CbuildConfig.runtime%2CbuildConfig.entryPoint%2CbuildConfig.source.storageSource.bucket%2CbuildConfig.source.storageSource.object%2CbuildConfig.environmentVariables%2CserviceConfig.environmentVariables%2CserviceConfig.ingressSettings%2CserviceConfig.timeoutSeconds%2CserviceConfig.serviceAccountEmail%2CserviceConfig.availableMemory%2CserviceConfig.minInstanceCount%2CserviceConfig.maxInstanceCount%2CserviceConfig.maxInstanceRequestConcurrency%2CserviceConfig.availableCpu%2CserviceConfig.vpcConnector%2CserviceConfig.vpcConnectorEgressSettings%2Clabels
[debug] [2026-04-19T22:28:53.038Z] >>> [apiv2][body] PATCH https://cloudfunctions.googleapis.com/v2/projects/doubly-messenging/locations/us-central1/functions/verifyEmailCode {"name":"projects/doubly-messenging/locations/us-central1/functions/verifyEmailCode","buildConfig":{"runtime":"nodejs24","entryPoint":"verifyEmailCode","source":{"storageSource":{"bucket":"gcf-v2-uploads-418458858405.us-central1.cloudfunctions.appspot.com","object":"61a1df66-25ee-40b4-9aab-bd0cd6317a39.zip"}},"environmentVariables":{"GOOGLE_NODE_RUN_SCRIPTS":""}},"serviceConfig":{"environmentVariables":{"STRIPE_PUBLISHABLE_KEY":"pk_test_51Sw3IiPXfOAXW8GLOdcuuNYqiwjI0DemhmgGHgFgGpbN6ZnZL6pgZdZ6rWVSkzSUKExQQCqkYGYS1oLRSxF2qzc800EJF7JZNm","FIREBASE_CONFIG":"{\"projectId\":\"doubly-messenging\",\"databaseURL\":\"https://doubly-messenging-default-rtdb.firebaseio.com\",\"storageBucket\":\"doubly-messenging.firebasestorage.app\"}","GCLOUD_PROJECT":"doubly-messenging","EVENTARC_CLOUD_EVENT_SOURCE":"projects/doubly-messenging/locations/us-central1/services/verifyEmailCode","FUNCTION_TARGET":"verifyEmailCode","LOG_EXECUTION_ID":"true"},"ingressSettings":null,"timeoutSeconds":null,"serviceAccountEmail":null,"availableMemory":"256Mi","minInstanceCount":null,"maxInstanceCount":null,"maxInstanceRequestConcurrency":80,"availableCpu":"1","vpcConnector":null,"vpcConnectorEgressSettings":null},"labels":{"deployment-tool":"cli-firebase","deployment-callable":"true","firebase-functions-hash":"30ecb0b240edf414fdc1d268af59f70fcd5e28ce"}}
[debug] [2026-04-19T22:28:53.039Z] >>> [apiv2][query] PATCH https://cloudfunctions.googleapis.com/v2/projects/doubly-messenging/locations/us-central1/functions/api updateMask=name%2CbuildConfig.runtime%2CbuildConfig.entryPoint%2CbuildConfig.source.storageSource.bucket%2CbuildConfig.source.storageSource.object%2CbuildConfig.environmentVariables%2CserviceConfig.environmentVariables%2CserviceConfig.secretEnvironmentVariables%2CserviceConfig.ingressSettings%2CserviceConfig.timeoutSeconds%2CserviceConfig.serviceAccountEmail%2CserviceConfig.availableMemory%2CserviceConfig.minInstanceCount%2CserviceConfig.maxInstanceCount%2CserviceConfig.maxInstanceRequestConcurrency%2CserviceConfig.availableCpu%2CserviceConfig.vpcConnector%2CserviceConfig.vpcConnectorEgressSettings%2Clabels
[debug] [2026-04-19T22:28:53.039Z] >>> [apiv2][body] PATCH https://cloudfunctions.googleapis.com/v2/projects/doubly-messenging/locations/us-central1/functions/api {"name":"projects/doubly-messenging/locations/us-central1/functions/api","buildConfig":{"runtime":"nodejs24","entryPoint":"api","source":{"storageSource":{"bucket":"gcf-v2-uploads-418458858405.us-central1.cloudfunctions.appspot.com","object":"61a1df66-25ee-40b4-9aab-bd0cd6317a39.zip"}},"environmentVariables":{"GOOGLE_NODE_RUN_SCRIPTS":""}},"serviceConfig":{"environmentVariables":{"STRIPE_PUBLISHABLE_KEY":"pk_test_51Sw3IiPXfOAXW8GLOdcuuNYqiwjI0DemhmgGHgFgGpbN6ZnZL6pgZdZ6rWVSkzSUKExQQCqkYGYS1oLRSxF2qzc800EJF7JZNm","FIREBASE_CONFIG":"{\"projectId\":\"doubly-messenging\",\"databaseURL\":\"https://doubly-messenging-default-rtdb.firebaseio.com\",\"storageBucket\":\"doubly-messenging.firebasestorage.app\"}","GCLOUD_PROJECT":"doubly-messenging","EVENTARC_CLOUD_EVENT_SOURCE":"projects/doubly-messenging/locations/us-central1/services/api","FUNCTION_TARGET":"api","LOG_EXECUTION_ID":"true"},"secretEnvironmentVariables":[{"key":"STRIPE_SECRET_KEY","secret":"STRIPE_SECRET_KEY","projectId":"doubly-messenging","version":"4"},{"key":"STRIPE_WEBHOOK_SECRET","secret":"STRIPE_WEBHOOK_SECRET","projectId":"doubly-messenging","version":"1"}],"ingressSettings":null,"timeoutSeconds":null,"serviceAccountEmail":null,"availableMemory":"256Mi","minInstanceCount":null,"maxInstanceCount":null,"maxInstanceRequestConcurrency":80,"availableCpu":"1","vpcConnector":null,"vpcConnectorEgressSettings":null},"labels":{"deployment-tool":"cli-firebase","firebase-functions-hash":"c751a13885a878e63afa042200028302582851c5"}}
[debug] [2026-04-19T22:28:54.277Z] <<< [apiv2][status] PATCH https://cloudfunctions.googleapis.com/v2/projects/doubly-messenging/locations/us-central1/functions/verifyEmailCode 200
[debug] [2026-04-19T22:28:54.277Z] <<< [apiv2][body] PATCH https://cloudfunctions.googleapis.com/v2/projects/doubly-messenging/locations/us-central1/functions/verifyEmailCode {"name":"projects/doubly-messenging/locations/us-central1/operations/operation-1776637732499-64fd7b4f0b149-e4033327-a825c3cf","metadata":{"@type":"type.googleapis.com/google.cloud.functions.v2.OperationMetadata","createTime":"2026-04-19T22:28:53.342877178Z","target":"projects/doubly-messenging/locations/us-central1/functions/verifyEmailCode","verb":"update","cancelRequested":false,"apiVersion":"v2"},"done":false}
[debug] [2026-04-19T22:28:54.278Z] Checked if tokens are valid: true, expires at: 1776641155254
[debug] [2026-04-19T22:28:54.278Z] Checked if tokens are valid: true, expires at: 1776641155254
[debug] [2026-04-19T22:28:54.278Z] >>> [apiv2][query] GET https://cloudfunctions.googleapis.com/v2/projects/doubly-messenging/locations/us-central1/operations/operation-1776637732499-64fd7b4f0b149-e4033327-a825c3cf [none]
[debug] [2026-04-19T22:28:54.280Z] <<< [apiv2][status] PATCH https://cloudfunctions.googleapis.com/v2/projects/doubly-messenging/locations/us-central1/functions/api 200
[debug] [2026-04-19T22:28:54.280Z] <<< [apiv2][body] PATCH https://cloudfunctions.googleapis.com/v2/projects/doubly-messenging/locations/us-central1/functions/api {"name":"projects/doubly-messenging/locations/us-central1/operations/operation-1776637732483-64fd7b4f0708e-11e1690a-364ebe2b","metadata":{"@type":"type.googleapis.com/google.cloud.functions.v2.OperationMetadata","createTime":"2026-04-19T22:28:53.345836632Z","target":"projects/doubly-messenging/locations/us-central1/functions/api","verb":"update","cancelRequested":false,"apiVersion":"v2"},"done":false}
[debug] [2026-04-19T22:28:54.280Z] Checked if tokens are valid: true, expires at: 1776641155254
[debug] [2026-04-19T22:28:54.281Z] Checked if tokens are valid: true, expires at: 1776641155254
[debug] [2026-04-19T22:28:54.281Z] >>> [apiv2][query] GET https://cloudfunctions.googleapis.com/v2/projects/doubly-messenging/locations/us-central1/operations/operation-1776637732483-64fd7b4f0708e-11e1690a-364ebe2b [none]
[debug] [2026-04-19T22:28:54.375Z] <<< [apiv2][status] PATCH https://cloudfunctions.googleapis.com/v2/projects/doubly-messenging/locations/us-central1/functions/sendEmailVerificationCode 200
[debug] [2026-04-19T22:28:54.376Z] <<< [apiv2][body] PATCH https://cloudfunctions.googleapis.com/v2/projects/doubly-messenging/locations/us-central1/functions/sendEmailVerificationCode {"name":"projects/doubly-messenging/locations/us-central1/operations/operation-1776637732429-64fd7b4ef9efa-f1c3175b-9b53b0d5","metadata":{"@type":"type.googleapis.com/google.cloud.functions.v2.OperationMetadata","createTime":"2026-04-19T22:28:53.428603940Z","target":"projects/doubly-messenging/locations/us-central1/functions/sendEmailVerificationCode","verb":"update","cancelRequested":false,"apiVersion":"v2"},"done":false}
[debug] [2026-04-19T22:28:54.376Z] Checked if tokens are valid: true, expires at: 1776641155254
[debug] [2026-04-19T22:28:54.376Z] Checked if tokens are valid: true, expires at: 1776641155254
[debug] [2026-04-19T22:28:54.376Z] >>> [apiv2][query] GET https://cloudfunctions.googleapis.com/v2/projects/doubly-messenging/locations/us-central1/operations/operation-1776637732429-64fd7b4ef9efa-f1c3175b-9b53b0d5 [none]
[debug] [2026-04-19T22:28:54.529Z] <<< [apiv2][status] GET https://cloudfunctions.googleapis.com/v2/projects/doubly-messenging/locations/us-central1/operations/operation-1776637732483-64fd7b4f0708e-11e1690a-364ebe2b 200
[debug] [2026-04-19T22:28:54.529Z] <<< [apiv2][body] GET https://cloudfunctions.googleapis.com/v2/projects/doubly-messenging/locations/us-central1/operations/operation-1776637732483-64fd7b4f0708e-11e1690a-364ebe2b {"name":"projects/doubly-messenging/locations/us-central1/operations/operation-1776637732483-64fd7b4f0708e-11e1690a-364ebe2b","metadata":{"@type":"type.googleapis.com/google.cloud.functions.v2.OperationMetadata","createTime":"2026-04-19T22:28:53.345836632Z","target":"projects/doubly-messenging/locations/us-central1/functions/api","verb":"update","cancelRequested":false,"apiVersion":"v2","requestResource":{"@type":"type.googleapis.com/google.cloud.functions.v2.Function","name":"projects/doubly-messenging/locations/us-central1/functions/api","buildConfig":{"runtime":"nodejs24","entryPoint":"api","source":{"storageSource":{"bucket":"gcf-v2-sources-418458858405-us-central1","object":"api/function-source.zip","generation":"1776637733208922"}},"environmentVariables":{"GOOGLE_NODE_RUN_SCRIPTS":""},"dockerRepository":"projects/doubly-messenging/locations/us-central1/repositories/gcf-artifacts","sourceProvenance":{"resolvedStorageSource":{"bucket":"gcf-v2-sources-418458858405-us-central1","object":"api/function-source.zip","generation":"1776622638849098"}},"dockerRegistry":"ARTIFACT_REGISTRY","serviceAccount":"projects/doubly-messenging/serviceAccounts/418458858405-compute@developer.gserviceaccount.com","automaticUpdatePolicy":{}},"serviceConfig":{"service":"projects/doubly-messenging/locations/us-central1/services/api","timeoutSeconds":60,"environmentVariables":{"STRIPE_PUBLISHABLE_KEY":"pk_test_51Sw3IiPXfOAXW8GLOdcuuNYqiwjI0DemhmgGHgFgGpbN6ZnZL6pgZdZ6rWVSkzSUKExQQCqkYGYS1oLRSxF2qzc800EJF7JZNm","FIREBASE_CONFIG":"{\"projectId\":\"doubly-messenging\",\"databaseURL\":\"https://doubly-messenging-default-rtdb.firebaseio.com\",\"storageBucket\":\"doubly-messenging.firebasestorage.app\"}","GCLOUD_PROJECT":"doubly-messenging","EVENTARC_CLOUD_EVENT_SOURCE":"projects/doubly-messenging/locations/us-central1/services/api","FUNCTION_TARGET":"api","LOG_EXECUTION_ID":"true"},"ingressSettings":"ALLOW_ALL","uri":"https://api-2i5ml5nzlq-uc.a.run.app","serviceAccountEmail":"418458858405-compute@developer.gserviceaccount.com","availableMemory":"256Mi","allTrafficOnLatestRevision":true,"secretEnvironmentVariables":[{"key":"STRIPE_SECRET_KEY","projectId":"doubly-messenging","secret":"STRIPE_SECRET_KEY","version":"4"},{"key":"STRIPE_WEBHOOK_SECRET","projectId":"doubly-messenging","secret":"STRIPE_WEBHOOK_SECRET","version":"1"}],"revision":"api-00053-nax","maxInstanceRequestConcurrency":80,"availableCpu":"1"},"state":"ACTIVE","labels":{"deployment-tool":"cli-firebase","firebase-functions-hash":"c751a13885a878e63afa042200028302582851c5"},"environment":"GEN_2","url":"https://us-central1-doubly-messenging.cloudfunctions.net/api","satisfiesPzi":true},"stages":[{"name":"BUILD","state":"NOT_STARTED"},{"name":"SERVICE","state":"NOT_STARTED"}],"operationType":"UPDATE_FUNCTION"},"done":false}
[debug] [2026-04-19T22:28:54.548Z] <<< [apiv2][status] GET https://cloudfunctions.googleapis.com/v2/projects/doubly-messenging/locations/us-central1/operations/operation-1776637732429-64fd7b4ef9efa-f1c3175b-9b53b0d5 200
[debug] [2026-04-19T22:28:54.548Z] <<< [apiv2][body] GET https://cloudfunctions.googleapis.com/v2/projects/doubly-messenging/locations/us-central1/operations/operation-1776637732429-64fd7b4ef9efa-f1c3175b-9b53b0d5 {"name":"projects/doubly-messenging/locations/us-central1/operations/operation-1776637732429-64fd7b4ef9efa-f1c3175b-9b53b0d5","metadata":{"@type":"type.googleapis.com/google.cloud.functions.v2.OperationMetadata","createTime":"2026-04-19T22:28:53.428603940Z","target":"projects/doubly-messenging/locations/us-central1/functions/sendEmailVerificationCode","verb":"update","cancelRequested":false,"apiVersion":"v2","requestResource":{"@type":"type.googleapis.com/google.cloud.functions.v2.Function","name":"projects/doubly-messenging/locations/us-central1/functions/sendEmailVerificationCode","buildConfig":{"runtime":"nodejs24","entryPoint":"sendEmailVerificationCode","source":{"storageSource":{"bucket":"gcf-v2-sources-418458858405-us-central1","object":"sendEmailVerificationCode/function-source.zip","generation":"1776637733381916"}},"environmentVariables":{"GOOGLE_NODE_RUN_SCRIPTS":""},"dockerRepository":"projects/doubly-messenging/locations/us-central1/repositories/gcf-artifacts","sourceProvenance":{"resolvedStorageSource":{"bucket":"gcf-v2-sources-418458858405-us-central1","object":"sendEmailVerificationCode/function-source.zip","generation":"1776622638527992"}},"dockerRegistry":"ARTIFACT_REGISTRY","serviceAccount":"projects/doubly-messenging/serviceAccounts/418458858405-compute@developer.gserviceaccount.com","automaticUpdatePolicy":{}},"serviceConfig":{"service":"projects/doubly-messenging/locations/us-central1/services/sendemailverificationcode","timeoutSeconds":60,"environmentVariables":{"STRIPE_PUBLISHABLE_KEY":"pk_test_51Sw3IiPXfOAXW8GLOdcuuNYqiwjI0DemhmgGHgFgGpbN6ZnZL6pgZdZ6rWVSkzSUKExQQCqkYGYS1oLRSxF2qzc800EJF7JZNm","FIREBASE_CONFIG":"{\"projectId\":\"doubly-messenging\",\"databaseURL\":\"https://doubly-messenging-default-rtdb.firebaseio.com\",\"storageBucket\":\"doubly-messenging.firebasestorage.app\"}","GCLOUD_PROJECT":"doubly-messenging","EVENTARC_CLOUD_EVENT_SOURCE":"projects/doubly-messenging/locations/us-central1/services/sendEmailVerificationCode","FUNCTION_TARGET":"sendEmailVerificationCode","LOG_EXECUTION_ID":"true"},"ingressSettings":"ALLOW_ALL","uri":"https://sendemailverificationcode-2i5ml5nzlq-uc.a.run.app","serviceAccountEmail":"418458858405-compute@developer.gserviceaccount.com","availableMemory":"256Mi","allTrafficOnLatestRevision":true,"revision":"sendemailverificationcode-00051-nur","maxInstanceRequestConcurrency":80,"availableCpu":"1"},"state":"ACTIVE","labels":{"deployment-tool":"cli-firebase","deployment-callable":"true","firebase-functions-hash":"30ecb0b240edf414fdc1d268af59f70fcd5e28ce"},"environment":"GEN_2","url":"https://us-central1-doubly-messenging.cloudfunctions.net/sendEmailVerificationCode","satisfiesPzi":true},"stages":[{"name":"BUILD","state":"NOT_STARTED"},{"name":"SERVICE","state":"NOT_STARTED"}],"operationType":"UPDATE_FUNCTION"},"done":false}
[debug] [2026-04-19T22:28:54.556Z] <<< [apiv2][status] GET https://cloudfunctions.googleapis.com/v2/projects/doubly-messenging/locations/us-central1/operations/operation-1776637732499-64fd7b4f0b149-e4033327-a825c3cf 200
[debug] [2026-04-19T22:28:54.556Z] <<< [apiv2][body] GET https://cloudfunctions.googleapis.com/v2/projects/doubly-messenging/locations/us-central1/operations/operation-1776637732499-64fd7b4f0b149-e4033327-a825c3cf {"name":"projects/doubly-messenging/locations/us-central1/operations/operation-1776637732499-64fd7b4f0b149-e4033327-a825c3cf","metadata":{"@type":"type.googleapis.com/google.cloud.functions.v2.OperationMetadata","createTime":"2026-04-19T22:28:53.342877178Z","target":"projects/doubly-messenging/locations/us-central1/functions/verifyEmailCode","verb":"update","cancelRequested":false,"apiVersion":"v2","requestResource":{"@type":"type.googleapis.com/google.cloud.functions.v2.Function","name":"projects/doubly-messenging/locations/us-central1/functions/verifyEmailCode","buildConfig":{"runtime":"nodejs24","entryPoint":"verifyEmailCode","source":{"storageSource":{"bucket":"gcf-v2-sources-418458858405-us-central1","object":"verifyEmailCode/function-source.zip","generation":"1776637733219062"}},"environmentVariables":{"GOOGLE_NODE_RUN_SCRIPTS":""},"dockerRepository":"projects/doubly-messenging/locations/us-central1/repositories/gcf-artifacts","sourceProvenance":{"resolvedStorageSource":{"bucket":"gcf-v2-sources-418458858405-us-central1","object":"verifyEmailCode/function-source.zip","generation":"1776622638835576"}},"dockerRegistry":"ARTIFACT_REGISTRY","serviceAccount":"projects/doubly-messenging/serviceAccounts/418458858405-compute@developer.gserviceaccount.com","automaticUpdatePolicy":{}},"serviceConfig":{"service":"projects/doubly-messenging/locations/us-central1/services/verifyemailcode","timeoutSeconds":60,"environmentVariables":{"STRIPE_PUBLISHABLE_KEY":"pk_test_51Sw3IiPXfOAXW8GLOdcuuNYqiwjI0DemhmgGHgFgGpbN6ZnZL6pgZdZ6rWVSkzSUKExQQCqkYGYS1oLRSxF2qzc800EJF7JZNm","FIREBASE_CONFIG":"{\"projectId\":\"doubly-messenging\",\"databaseURL\":\"https://doubly-messenging-default-rtdb.firebaseio.com\",\"storageBucket\":\"doubly-messenging.firebasestorage.app\"}","GCLOUD_PROJECT":"doubly-messenging","EVENTARC_CLOUD_EVENT_SOURCE":"projects/doubly-messenging/locations/us-central1/services/verifyEmailCode","FUNCTION_TARGET":"verifyEmailCode","LOG_EXECUTION_ID":"true"},"ingressSettings":"ALLOW_ALL","uri":"https://verifyemailcode-2i5ml5nzlq-uc.a.run.app","serviceAccountEmail":"418458858405-compute@developer.gserviceaccount.com","availableMemory":"256Mi","allTrafficOnLatestRevision":true,"revision":"verifyemailcode-00051-tah","maxInstanceRequestConcurrency":80,"availableCpu":"1"},"state":"ACTIVE","labels":{"deployment-tool":"cli-firebase","deployment-callable":"true","firebase-functions-hash":"30ecb0b240edf414fdc1d268af59f70fcd5e28ce"},"environment":"GEN_2","url":"https://us-central1-doubly-messenging.cloudfunctions.net/verifyEmailCode","satisfiesPzi":true},"stages":[{"name":"BUILD","state":"NOT_STARTED"},{"name":"SERVICE","state":"NOT_STARTED"}],"operationType":"UPDATE_FUNCTION"},"done":false}
[debug] [2026-04-19T22:28:55.034Z] [update-default-us-central1-api] Retrying task index 0
[debug] [2026-04-19T22:28:55.034Z] Checked if tokens are valid: true, expires at: 1776641155254
[debug] [2026-04-19T22:28:55.034Z] Checked if tokens are valid: true, expires at: 1776641155254
[debug] [2026-04-19T22:28:55.035Z] >>> [apiv2][query] GET https://cloudfunctions.googleapis.com/v2/projects/doubly-messenging/locations/us-central1/operations/operation-1776637732483-64fd7b4f0708e-11e1690a-364ebe2b [none]
[debug] [2026-04-19T22:28:55.050Z] [update-default-us-central1-sendEmailVerificationCode] Retrying task index 0
[debug] [2026-04-19T22:28:55.050Z] Checked if tokens are valid: true, expires at: 1776641155254
[debug] [2026-04-19T22:28:55.050Z] Checked if tokens are valid: true, expires at: 1776641155254
[debug] [2026-04-19T22:28:55.050Z] >>> [apiv2][query] GET https://cloudfunctions.googleapis.com/v2/projects/doubly-messenging/locations/us-central1/operations/operation-1776637732429-64fd7b4ef9efa-f1c3175b-9b53b0d5 [none]
[debug] [2026-04-19T22:28:55.057Z] [update-default-us-central1-verifyEmailCode] Retrying task index 0
[debug] [2026-04-19T22:28:55.057Z] Checked if tokens are valid: true, expires at: 1776641155254
[debug] [2026-04-19T22:28:55.057Z] Checked if tokens are valid: true, expires at: 1776641155254
[debug] [2026-04-19T22:28:55.057Z] >>> [apiv2][query] GET https://cloudfunctions.googleapis.com/v2/projects/doubly-messenging/locations/us-central1/operations/operation-1776637732499-64fd7b4f0b149-e4033327-a825c3cf [none]
[debug] [2026-04-19T22:28:55.164Z] <<< [apiv2][status] GET https://cloudfunctions.googleapis.com/v2/projects/doubly-messenging/locations/us-central1/operations/operation-1776637732429-64fd7b4ef9efa-f1c3175b-9b53b0d5 200
[debug] [2026-04-19T22:28:55.164Z] <<< [apiv2][body] GET https://cloudfunctions.googleapis.com/v2/projects/doubly-messenging/locations/us-central1/operations/operation-1776637732429-64fd7b4ef9efa-f1c3175b-9b53b0d5 {"name":"projects/doubly-messenging/locations/us-central1/operations/operation-1776637732429-64fd7b4ef9efa-f1c3175b-9b53b0d5","metadata":{"@type":"type.googleapis.com/google.cloud.functions.v2.OperationMetadata","createTime":"2026-04-19T22:28:53.428603940Z","target":"projects/doubly-messenging/locations/us-central1/functions/sendEmailVerificationCode","verb":"update","cancelRequested":false,"apiVersion":"v2","requestResource":{"@type":"type.googleapis.com/google.cloud.functions.v2.Function","name":"projects/doubly-messenging/locations/us-central1/functions/sendEmailVerificationCode","buildConfig":{"runtime":"nodejs24","entryPoint":"sendEmailVerificationCode","source":{"storageSource":{"bucket":"gcf-v2-sources-418458858405-us-central1","object":"sendEmailVerificationCode/function-source.zip","generation":"1776637733381916"}},"environmentVariables":{"GOOGLE_NODE_RUN_SCRIPTS":""},"dockerRepository":"projects/doubly-messenging/locations/us-central1/repositories/gcf-artifacts","sourceProvenance":{"resolvedStorageSource":{"bucket":"gcf-v2-sources-418458858405-us-central1","object":"sendEmailVerificationCode/function-source.zip","generation":"1776622638527992"}},"dockerRegistry":"ARTIFACT_REGISTRY","serviceAccount":"projects/doubly-messenging/serviceAccounts/418458858405-compute@developer.gserviceaccount.com","automaticUpdatePolicy":{}},"serviceConfig":{"service":"projects/doubly-messenging/locations/us-central1/services/sendemailverificationcode","timeoutSeconds":60,"environmentVariables":{"STRIPE_PUBLISHABLE_KEY":"pk_test_51Sw3IiPXfOAXW8GLOdcuuNYqiwjI0DemhmgGHgFgGpbN6ZnZL6pgZdZ6rWVSkzSUKExQQCqkYGYS1oLRSxF2qzc800EJF7JZNm","FIREBASE_CONFIG":"{\"projectId\":\"doubly-messenging\",\"databaseURL\":\"https://doubly-messenging-default-rtdb.firebaseio.com\",\"storageBucket\":\"doubly-messenging.firebasestorage.app\"}","GCLOUD_PROJECT":"doubly-messenging","EVENTARC_CLOUD_EVENT_SOURCE":"projects/doubly-messenging/locations/us-central1/services/sendEmailVerificationCode","FUNCTION_TARGET":"sendEmailVerificationCode","LOG_EXECUTION_ID":"true"},"ingressSettings":"ALLOW_ALL","uri":"https://sendemailverificationcode-2i5ml5nzlq-uc.a.run.app","serviceAccountEmail":"418458858405-compute@developer.gserviceaccount.com","availableMemory":"256Mi","allTrafficOnLatestRevision":true,"revision":"sendemailverificationcode-00051-nur","maxInstanceRequestConcurrency":80,"availableCpu":"1"},"state":"ACTIVE","labels":{"deployment-tool":"cli-firebase","deployment-callable":"true","firebase-functions-hash":"30ecb0b240edf414fdc1d268af59f70fcd5e28ce"},"environment":"GEN_2","url":"https://us-central1-doubly-messenging.cloudfunctions.net/sendEmailVerificationCode","satisfiesPzi":true},"stages":[{"name":"BUILD","message":"Creating build","state":"IN_PROGRESS","resource":"projects/418458858405/locations/us-central1/builds/3e862c3a-5cb7-41f7-9c3a-7dabf27fc83b","resourceUri":"https://console.cloud.google.com/cloud-build/builds;region=us-central1/3e862c3a-5cb7-41f7-9c3a-7dabf27fc83b?project=418458858405"},{"name":"SERVICE","state":"NOT_STARTED"}],"operationType":"UPDATE_FUNCTION","buildName":"projects/418458858405/locations/us-central1/builds/3e862c3a-5cb7-41f7-9c3a-7dabf27fc83b"},"done":false}
[debug] [2026-04-19T22:28:55.283Z] <<< [apiv2][status] GET https://cloudfunctions.googleapis.com/v2/projects/doubly-messenging/locations/us-central1/operations/operation-1776637732483-64fd7b4f0708e-11e1690a-364ebe2b 200
[debug] [2026-04-19T22:28:55.283Z] <<< [apiv2][body] GET https://cloudfunctions.googleapis.com/v2/projects/doubly-messenging/locations/us-central1/operations/operation-1776637732483-64fd7b4f0708e-11e1690a-364ebe2b {"name":"projects/doubly-messenging/locations/us-central1/operations/operation-1776637732483-64fd7b4f0708e-11e1690a-364ebe2b","metadata":{"@type":"type.googleapis.com/google.cloud.functions.v2.OperationMetadata","createTime":"2026-04-19T22:28:53.345836632Z","target":"projects/doubly-messenging/locations/us-central1/functions/api","verb":"update","cancelRequested":false,"apiVersion":"v2","requestResource":{"@type":"type.googleapis.com/google.cloud.functions.v2.Function","name":"projects/doubly-messenging/locations/us-central1/functions/api","buildConfig":{"runtime":"nodejs24","entryPoint":"api","source":{"storageSource":{"bucket":"gcf-v2-sources-418458858405-us-central1","object":"api/function-source.zip","generation":"1776637733208922"}},"environmentVariables":{"GOOGLE_NODE_RUN_SCRIPTS":""},"dockerRepository":"projects/doubly-messenging/locations/us-central1/repositories/gcf-artifacts","sourceProvenance":{"resolvedStorageSource":{"bucket":"gcf-v2-sources-418458858405-us-central1","object":"api/function-source.zip","generation":"1776622638849098"}},"dockerRegistry":"ARTIFACT_REGISTRY","serviceAccount":"projects/doubly-messenging/serviceAccounts/418458858405-compute@developer.gserviceaccount.com","automaticUpdatePolicy":{}},"serviceConfig":{"service":"projects/doubly-messenging/locations/us-central1/services/api","timeoutSeconds":60,"environmentVariables":{"STRIPE_PUBLISHABLE_KEY":"pk_test_51Sw3IiPXfOAXW8GLOdcuuNYqiwjI0DemhmgGHgFgGpbN6ZnZL6pgZdZ6rWVSkzSUKExQQCqkYGYS1oLRSxF2qzc800EJF7JZNm","FIREBASE_CONFIG":"{\"projectId\":\"doubly-messenging\",\"databaseURL\":\"https://doubly-messenging-default-rtdb.firebaseio.com\",\"storageBucket\":\"doubly-messenging.firebasestorage.app\"}","GCLOUD_PROJECT":"doubly-messenging","EVENTARC_CLOUD_EVENT_SOURCE":"projects/doubly-messenging/locations/us-central1/services/api","FUNCTION_TARGET":"api","LOG_EXECUTION_ID":"true"},"ingressSettings":"ALLOW_ALL","uri":"https://api-2i5ml5nzlq-uc.a.run.app","serviceAccountEmail":"418458858405-compute@developer.gserviceaccount.com","availableMemory":"256Mi","allTrafficOnLatestRevision":true,"secretEnvironmentVariables":[{"key":"STRIPE_SECRET_KEY","projectId":"doubly-messenging","secret":"STRIPE_SECRET_KEY","version":"4"},{"key":"STRIPE_WEBHOOK_SECRET","projectId":"doubly-messenging","secret":"STRIPE_WEBHOOK_SECRET","version":"1"}],"revision":"api-00053-nax","maxInstanceRequestConcurrency":80,"availableCpu":"1"},"state":"ACTIVE","labels":{"deployment-tool":"cli-firebase","firebase-functions-hash":"c751a13885a878e63afa042200028302582851c5"},"environment":"GEN_2","url":"https://us-central1-doubly-messenging.cloudfunctions.net/api","satisfiesPzi":true},"stages":[{"name":"BUILD","message":"Build in progress","state":"IN_PROGRESS","resource":"projects/418458858405/locations/us-central1/builds/3aab275b-ebfa-4cb7-98e2-8e9661a17209","resourceUri":"https://console.cloud.google.com/cloud-build/builds;region=us-central1/3aab275b-ebfa-4cb7-98e2-8e9661a17209?project=418458858405"},{"name":"SERVICE","state":"NOT_STARTED"}],"operationType":"UPDATE_FUNCTION","buildName":"projects/418458858405/locations/us-central1/builds/3aab275b-ebfa-4cb7-98e2-8e9661a17209"},"done":false}
[debug] [2026-04-19T22:28:55.293Z] <<< [apiv2][status] GET https://cloudfunctions.googleapis.com/v2/projects/doubly-messenging/locations/us-central1/operations/operation-1776637732499-64fd7b4f0b149-e4033327-a825c3cf 200
[debug] [2026-04-19T22:28:55.293Z] <<< [apiv2][body] GET https://cloudfunctions.googleapis.com/v2/projects/doubly-messenging/locations/us-central1/operations/operation-1776637732499-64fd7b4f0b149-e4033327-a825c3cf {"name":"projects/doubly-messenging/locations/us-central1/operations/operation-1776637732499-64fd7b4f0b149-e4033327-a825c3cf","metadata":{"@type":"type.googleapis.com/google.cloud.functions.v2.OperationMetadata","createTime":"2026-04-19T22:28:53.342877178Z","target":"projects/doubly-messenging/locations/us-central1/functions/verifyEmailCode","verb":"update","cancelRequested":false,"apiVersion":"v2","requestResource":{"@type":"type.googleapis.com/google.cloud.functions.v2.Function","name":"projects/doubly-messenging/locations/us-central1/functions/verifyEmailCode","buildConfig":{"runtime":"nodejs24","entryPoint":"verifyEmailCode","source":{"storageSource":{"bucket":"gcf-v2-sources-418458858405-us-central1","object":"verifyEmailCode/function-source.zip","generation":"1776637733219062"}},"environmentVariables":{"GOOGLE_NODE_RUN_SCRIPTS":""},"dockerRepository":"projects/doubly-messenging/locations/us-central1/repositories/gcf-artifacts","sourceProvenance":{"resolvedStorageSource":{"bucket":"gcf-v2-sources-418458858405-us-central1","object":"verifyEmailCode/function-source.zip","generation":"1776622638835576"}},"dockerRegistry":"ARTIFACT_REGISTRY","serviceAccount":"projects/doubly-messenging/serviceAccounts/418458858405-compute@developer.gserviceaccount.com","automaticUpdatePolicy":{}},"serviceConfig":{"service":"projects/doubly-messenging/locations/us-central1/services/verifyemailcode","timeoutSeconds":60,"environmentVariables":{"STRIPE_PUBLISHABLE_KEY":"pk_test_51Sw3IiPXfOAXW8GLOdcuuNYqiwjI0DemhmgGHgFgGpbN6ZnZL6pgZdZ6rWVSkzSUKExQQCqkYGYS1oLRSxF2qzc800EJF7JZNm","FIREBASE_CONFIG":"{\"projectId\":\"doubly-messenging\",\"databaseURL\":\"https://doubly-messenging-default-rtdb.firebaseio.com\",\"storageBucket\":\"doubly-messenging.firebasestorage.app\"}","GCLOUD_PROJECT":"doubly-messenging","EVENTARC_CLOUD_EVENT_SOURCE":"projects/doubly-messenging/locations/us-central1/services/verifyEmailCode","FUNCTION_TARGET":"verifyEmailCode","LOG_EXECUTION_ID":"true"},"ingressSettings":"ALLOW_ALL","uri":"https://verifyemailcode-2i5ml5nzlq-uc.a.run.app","serviceAccountEmail":"418458858405-compute@developer.gserviceaccount.com","availableMemory":"256Mi","allTrafficOnLatestRevision":true,"revision":"verifyemailcode-00051-tah","maxInstanceRequestConcurrency":80,"availableCpu":"1"},"state":"ACTIVE","labels":{"deployment-tool":"cli-firebase","deployment-callable":"true","firebase-functions-hash":"30ecb0b240edf414fdc1d268af59f70fcd5e28ce"},"environment":"GEN_2","url":"https://us-central1-doubly-messenging.cloudfunctions.net/verifyEmailCode","satisfiesPzi":true},"stages":[{"name":"BUILD","message":"Build in progress","state":"IN_PROGRESS","resource":"projects/418458858405/locations/us-central1/builds/0b3f7b92-d258-4f50-8a09-2f425794c326","resourceUri":"https://console.cloud.google.com/cloud-build/builds;region=us-central1/0b3f7b92-d258-4f50-8a09-2f425794c326?project=418458858405"},{"name":"SERVICE","state":"NOT_STARTED"}],"operationType":"UPDATE_FUNCTION","buildName":"projects/418458858405/locations/us-central1/builds/0b3f7b92-d258-4f50-8a09-2f425794c326"},"done":false}
[debug] [2026-04-19T22:28:56.165Z] [update-default-us-central1-sendEmailVerificationCode] Retrying task index 0
[debug] [2026-04-19T22:28:56.165Z] Checked if tokens are valid: true, expires at: 1776641155254
[debug] [2026-04-19T22:28:56.165Z] Checked if tokens are valid: true, expires at: 1776641155254
[debug] [2026-04-19T22:28:56.165Z] >>> [apiv2][query] GET https://cloudfunctions.googleapis.com/v2/projects/doubly-messenging/locations/us-central1/operations/operation-1776637732429-64fd7b4ef9efa-f1c3175b-9b53b0d5 [none]
[debug] [2026-04-19T22:28:56.290Z] [update-default-us-central1-api] Retrying task index 0
[debug] [2026-04-19T22:28:56.291Z] Checked if tokens are valid: true, expires at: 1776641155254
[debug] [2026-04-19T22:28:56.291Z] Checked if tokens are valid: true, expires at: 1776641155254
[debug] [2026-04-19T22:28:56.291Z] >>> [apiv2][query] GET https://cloudfunctions.googleapis.com/v2/projects/doubly-messenging/locations/us-central1/operations/operation-1776637732483-64fd7b4f0708e-11e1690a-364ebe2b [none]
[debug] [2026-04-19T22:28:56.294Z] [update-default-us-central1-verifyEmailCode] Retrying task index 0
[debug] [2026-04-19T22:28:56.294Z] Checked if tokens are valid: true, expires at: 1776641155254
[debug] [2026-04-19T22:28:56.294Z] Checked if tokens are valid: true, expires at: 1776641155254
[debug] [2026-04-19T22:28:56.294Z] >>> [apiv2][query] GET https://cloudfunctions.googleapis.com/v2/projects/doubly-messenging/locations/us-central1/operations/operation-1776637732499-64fd7b4f0b149-e4033327-a825c3cf [none]
[debug] [2026-04-19T22:28:56.387Z] <<< [apiv2][status] GET https://cloudfunctions.googleapis.com/v2/projects/doubly-messenging/locations/us-central1/operations/operation-1776637732429-64fd7b4ef9efa-f1c3175b-9b53b0d5 200
[debug] [2026-04-19T22:28:56.387Z] <<< [apiv2][body] GET https://cloudfunctions.googleapis.com/v2/projects/doubly-messenging/locations/us-central1/operations/operation-1776637732429-64fd7b4ef9efa-f1c3175b-9b53b0d5 {"name":"projects/doubly-messenging/locations/us-central1/operations/operation-1776637732429-64fd7b4ef9efa-f1c3175b-9b53b0d5","metadata":{"@type":"type.googleapis.com/google.cloud.functions.v2.OperationMetadata","createTime":"2026-04-19T22:28:53.428603940Z","target":"projects/doubly-messenging/locations/us-central1/functions/sendEmailVerificationCode","verb":"update","cancelRequested":false,"apiVersion":"v2","requestResource":{"@type":"type.googleapis.com/google.cloud.functions.v2.Function","name":"projects/doubly-messenging/locations/us-central1/functions/sendEmailVerificationCode","buildConfig":{"runtime":"nodejs24","entryPoint":"sendEmailVerificationCode","source":{"storageSource":{"bucket":"gcf-v2-sources-418458858405-us-central1","object":"sendEmailVerificationCode/function-source.zip","generation":"1776637733381916"}},"environmentVariables":{"GOOGLE_NODE_RUN_SCRIPTS":""},"dockerRepository":"projects/doubly-messenging/locations/us-central1/repositories/gcf-artifacts","sourceProvenance":{"resolvedStorageSource":{"bucket":"gcf-v2-sources-418458858405-us-central1","object":"sendEmailVerificationCode/function-source.zip","generation":"1776622638527992"}},"dockerRegistry":"ARTIFACT_REGISTRY","serviceAccount":"projects/doubly-messenging/serviceAccounts/418458858405-compute@developer.gserviceaccount.com","automaticUpdatePolicy":{}},"serviceConfig":{"service":"projects/doubly-messenging/locations/us-central1/services/sendemailverificationcode","timeoutSeconds":60,"environmentVariables":{"STRIPE_PUBLISHABLE_KEY":"pk_test_51Sw3IiPXfOAXW8GLOdcuuNYqiwjI0DemhmgGHgFgGpbN6ZnZL6pgZdZ6rWVSkzSUKExQQCqkYGYS1oLRSxF2qzc800EJF7JZNm","FIREBASE_CONFIG":"{\"projectId\":\"doubly-messenging\",\"databaseURL\":\"https://doubly-messenging-default-rtdb.firebaseio.com\",\"storageBucket\":\"doubly-messenging.firebasestorage.app\"}","GCLOUD_PROJECT":"doubly-messenging","EVENTARC_CLOUD_EVENT_SOURCE":"projects/doubly-messenging/locations/us-central1/services/sendEmailVerificationCode","FUNCTION_TARGET":"sendEmailVerificationCode","LOG_EXECUTION_ID":"true"},"ingressSettings":"ALLOW_ALL","uri":"https://sendemailverificationcode-2i5ml5nzlq-uc.a.run.app","serviceAccountEmail":"418458858405-compute@developer.gserviceaccount.com","availableMemory":"256Mi","allTrafficOnLatestRevision":true,"revision":"sendemailverificationcode-00051-nur","maxInstanceRequestConcurrency":80,"availableCpu":"1"},"state":"ACTIVE","labels":{"deployment-tool":"cli-firebase","deployment-callable":"true","firebase-functions-hash":"30ecb0b240edf414fdc1d268af59f70fcd5e28ce"},"environment":"GEN_2","url":"https://us-central1-doubly-messenging.cloudfunctions.net/sendEmailVerificationCode","satisfiesPzi":true},"stages":[{"name":"BUILD","message":"Build in progress","state":"IN_PROGRESS","resource":"projects/418458858405/locations/us-central1/builds/3e862c3a-5cb7-41f7-9c3a-7dabf27fc83b","resourceUri":"https://console.cloud.google.com/cloud-build/builds;region=us-central1/3e862c3a-5cb7-41f7-9c3a-7dabf27fc83b?project=418458858405"},{"name":"SERVICE","state":"NOT_STARTED"}],"operationType":"UPDATE_FUNCTION","buildName":"projects/418458858405/locations/us-central1/builds/3e862c3a-5cb7-41f7-9c3a-7dabf27fc83b"},"done":false}
[debug] [2026-04-19T22:28:56.528Z] <<< [apiv2][status] GET https://cloudfunctions.googleapis.com/v2/projects/doubly-messenging/locations/us-central1/operations/operation-1776637732483-64fd7b4f0708e-11e1690a-364ebe2b 200
[debug] [2026-04-19T22:28:56.528Z] <<< [apiv2][body] GET https://cloudfunctions.googleapis.com/v2/projects/doubly-messenging/locations/us-central1/operations/operation-1776637732483-64fd7b4f0708e-11e1690a-364ebe2b {"name":"projects/doubly-messenging/locations/us-central1/operations/operation-1776637732483-64fd7b4f0708e-11e1690a-364ebe2b","metadata":{"@type":"type.googleapis.com/google.cloud.functions.v2.OperationMetadata","createTime":"2026-04-19T22:28:53.345836632Z","target":"projects/doubly-messenging/locations/us-central1/functions/api","verb":"update","cancelRequested":false,"apiVersion":"v2","requestResource":{"@type":"type.googleapis.com/google.cloud.functions.v2.Function","name":"projects/doubly-messenging/locations/us-central1/functions/api","buildConfig":{"runtime":"nodejs24","entryPoint":"api","source":{"storageSource":{"bucket":"gcf-v2-sources-418458858405-us-central1","object":"api/function-source.zip","generation":"1776637733208922"}},"environmentVariables":{"GOOGLE_NODE_RUN_SCRIPTS":""},"dockerRepository":"projects/doubly-messenging/locations/us-central1/repositories/gcf-artifacts","sourceProvenance":{"resolvedStorageSource":{"bucket":"gcf-v2-sources-418458858405-us-central1","object":"api/function-source.zip","generation":"1776622638849098"}},"dockerRegistry":"ARTIFACT_REGISTRY","serviceAccount":"projects/doubly-messenging/serviceAccounts/418458858405-compute@developer.gserviceaccount.com","automaticUpdatePolicy":{}},"serviceConfig":{"service":"projects/doubly-messenging/locations/us-central1/services/api","timeoutSeconds":60,"environmentVariables":{"STRIPE_PUBLISHABLE_KEY":"pk_test_51Sw3IiPXfOAXW8GLOdcuuNYqiwjI0DemhmgGHgFgGpbN6ZnZL6pgZdZ6rWVSkzSUKExQQCqkYGYS1oLRSxF2qzc800EJF7JZNm","FIREBASE_CONFIG":"{\"projectId\":\"doubly-messenging\",\"databaseURL\":\"https://doubly-messenging-default-rtdb.firebaseio.com\",\"storageBucket\":\"doubly-messenging.firebasestorage.app\"}","GCLOUD_PROJECT":"doubly-messenging","EVENTARC_CLOUD_EVENT_SOURCE":"projects/doubly-messenging/locations/us-central1/services/api","FUNCTION_TARGET":"api","LOG_EXECUTION_ID":"true"},"ingressSettings":"ALLOW_ALL","uri":"https://api-2i5ml5nzlq-uc.a.run.app","serviceAccountEmail":"418458858405-compute@developer.gserviceaccount.com","availableMemory":"256Mi","allTrafficOnLatestRevision":true,"secretEnvironmentVariables":[{"key":"STRIPE_SECRET_KEY","projectId":"doubly-messenging","secret":"STRIPE_SECRET_KEY","version":"4"},{"key":"STRIPE_WEBHOOK_SECRET","projectId":"doubly-messenging","secret":"STRIPE_WEBHOOK_SECRET","version":"1"}],"revision":"api-00053-nax","maxInstanceRequestConcurrency":80,"availableCpu":"1"},"state":"ACTIVE","labels":{"deployment-tool":"cli-firebase","firebase-functions-hash":"c751a13885a878e63afa042200028302582851c5"},"environment":"GEN_2","url":"https://us-central1-doubly-messenging.cloudfunctions.net/api","satisfiesPzi":true},"stages":[{"name":"BUILD","message":"Build in progress","state":"IN_PROGRESS","resource":"projects/418458858405/locations/us-central1/builds/3aab275b-ebfa-4cb7-98e2-8e9661a17209","resourceUri":"https://console.cloud.google.com/cloud-build/builds;region=us-central1/3aab275b-ebfa-4cb7-98e2-8e9661a17209?project=418458858405"},{"name":"SERVICE","state":"NOT_STARTED"}],"operationType":"UPDATE_FUNCTION","buildName":"projects/418458858405/locations/us-central1/builds/3aab275b-ebfa-4cb7-98e2-8e9661a17209"},"done":false}
[debug] [2026-04-19T22:28:56.539Z] <<< [apiv2][status] GET https://cloudfunctions.googleapis.com/v2/projects/doubly-messenging/locations/us-central1/operations/operation-1776637732499-64fd7b4f0b149-e4033327-a825c3cf 200
[debug] [2026-04-19T22:28:56.539Z] <<< [apiv2][body] GET https://cloudfunctions.googleapis.com/v2/projects/doubly-messenging/locations/us-central1/operations/operation-1776637732499-64fd7b4f0b149-e4033327-a825c3cf {"name":"projects/doubly-messenging/locations/us-central1/operations/operation-1776637732499-64fd7b4f0b149-e4033327-a825c3cf","metadata":{"@type":"type.googleapis.com/google.cloud.functions.v2.OperationMetadata","createTime":"2026-04-19T22:28:53.342877178Z","target":"projects/doubly-messenging/locations/us-central1/functions/verifyEmailCode","verb":"update","cancelRequested":false,"apiVersion":"v2","requestResource":{"@type":"type.googleapis.com/google.cloud.functions.v2.Function","name":"projects/doubly-messenging/locations/us-central1/functions/verifyEmailCode","buildConfig":{"runtime":"nodejs24","entryPoint":"verifyEmailCode","source":{"storageSource":{"bucket":"gcf-v2-sources-418458858405-us-central1","object":"verifyEmailCode/function-source.zip","generation":"1776637733219062"}},"environmentVariables":{"GOOGLE_NODE_RUN_SCRIPTS":""},"dockerRepository":"projects/doubly-messenging/locations/us-central1/repositories/gcf-artifacts","sourceProvenance":{"resolvedStorageSource":{"bucket":"gcf-v2-sources-418458858405-us-central1","object":"verifyEmailCode/function-source.zip","generation":"1776622638835576"}},"dockerRegistry":"ARTIFACT_REGISTRY","serviceAccount":"projects/doubly-messenging/serviceAccounts/418458858405-compute@developer.gserviceaccount.com","automaticUpdatePolicy":{}},"serviceConfig":{"service":"projects/doubly-messenging/locations/us-central1/services/verifyemailcode","timeoutSeconds":60,"environmentVariables":{"STRIPE_PUBLISHABLE_KEY":"pk_test_51Sw3IiPXfOAXW8GLOdcuuNYqiwjI0DemhmgGHgFgGpbN6ZnZL6pgZdZ6rWVSkzSUKExQQCqkYGYS1oLRSxF2qzc800EJF7JZNm","FIREBASE_CONFIG":"{\"projectId\":\"doubly-messenging\",\"databaseURL\":\"https://doubly-messenging-default-rtdb.firebaseio.com\",\"storageBucket\":\"doubly-messenging.firebasestorage.app\"}","GCLOUD_PROJECT":"doubly-messenging","EVENTARC_CLOUD_EVENT_SOURCE":"projects/doubly-messenging/locations/us-central1/services/verifyEmailCode","FUNCTION_TARGET":"verifyEmailCode","LOG_EXECUTION_ID":"true"},"ingressSettings":"ALLOW_ALL","uri":"https://verifyemailcode-2i5ml5nzlq-uc.a.run.app","serviceAccountEmail":"418458858405-compute@developer.gserviceaccount.com","availableMemory":"256Mi","allTrafficOnLatestRevision":true,"revision":"verifyemailcode-00051-tah","maxInstanceRequestConcurrency":80,"availableCpu":"1"},"state":"ACTIVE","labels":{"deployment-tool":"cli-firebase","deployment-callable":"true","firebase-functions-hash":"30ecb0b240edf414fdc1d268af59f70fcd5e28ce"},"environment":"GEN_2","url":"https://us-central1-doubly-messenging.cloudfunctions.net/verifyEmailCode","satisfiesPzi":true},"stages":[{"name":"BUILD","message":"Build in progress","state":"IN_PROGRESS","resource":"projects/418458858405/locations/us-central1/builds/0b3f7b92-d258-4f50-8a09-2f425794c326","resourceUri":"https://console.cloud.google.com/cloud-build/builds;region=us-central1/0b3f7b92-d258-4f50-8a09-2f425794c326?project=418458858405"},{"name":"SERVICE","state":"NOT_STARTED"}],"operationType":"UPDATE_FUNCTION","buildName":"projects/418458858405/locations/us-central1/builds/0b3f7b92-d258-4f50-8a09-2f425794c326"},"done":false}
[debug] [2026-04-19T22:28:58.403Z] [update-default-us-central1-sendEmailVerificationCode] Retrying task index 0
[debug] [2026-04-19T22:28:58.403Z] Checked if tokens are valid: true, expires at: 1776641155254
[debug] [2026-04-19T22:28:58.403Z] Checked if tokens are valid: true, expires at: 1776641155254
[debug] [2026-04-19T22:28:58.403Z] >>> [apiv2][query] GET https://cloudfunctions.googleapis.com/v2/projects/doubly-messenging/locations/us-central1/operations/operation-1776637732429-64fd7b4ef9efa-f1c3175b-9b53b0d5 [none]
[debug] [2026-04-19T22:28:58.534Z] [update-default-us-central1-api] Retrying task index 0
[debug] [2026-04-19T22:28:58.535Z] Checked if tokens are valid: true, expires at: 1776641155254
[debug] [2026-04-19T22:28:58.535Z] Checked if tokens are valid: true, expires at: 1776641155254
[debug] [2026-04-19T22:28:58.535Z] >>> [apiv2][query] GET https://cloudfunctions.googleapis.com/v2/projects/doubly-messenging/locations/us-central1/operations/operation-1776637732483-64fd7b4f0708e-11e1690a-364ebe2b [none]
[debug] [2026-04-19T22:28:58.540Z] [update-default-us-central1-verifyEmailCode] Retrying task index 0
[debug] [2026-04-19T22:28:58.540Z] Checked if tokens are valid: true, expires at: 1776641155254
[debug] [2026-04-19T22:28:58.540Z] Checked if tokens are valid: true, expires at: 1776641155254
[debug] [2026-04-19T22:28:58.540Z] >>> [apiv2][query] GET https://cloudfunctions.googleapis.com/v2/projects/doubly-messenging/locations/us-central1/operations/operation-1776637732499-64fd7b4f0b149-e4033327-a825c3cf [none]
[debug] [2026-04-19T22:28:58.620Z] <<< [apiv2][status] GET https://cloudfunctions.googleapis.com/v2/projects/doubly-messenging/locations/us-central1/operations/operation-1776637732429-64fd7b4ef9efa-f1c3175b-9b53b0d5 200
[debug] [2026-04-19T22:28:58.621Z] <<< [apiv2][body] GET https://cloudfunctions.googleapis.com/v2/projects/doubly-messenging/locations/us-central1/operations/operation-1776637732429-64fd7b4ef9efa-f1c3175b-9b53b0d5 {"name":"projects/doubly-messenging/locations/us-central1/operations/operation-1776637732429-64fd7b4ef9efa-f1c3175b-9b53b0d5","metadata":{"@type":"type.googleapis.com/google.cloud.functions.v2.OperationMetadata","createTime":"2026-04-19T22:28:53.428603940Z","target":"projects/doubly-messenging/locations/us-central1/functions/sendEmailVerificationCode","verb":"update","cancelRequested":false,"apiVersion":"v2","requestResource":{"@type":"type.googleapis.com/google.cloud.functions.v2.Function","name":"projects/doubly-messenging/locations/us-central1/functions/sendEmailVerificationCode","buildConfig":{"runtime":"nodejs24","entryPoint":"sendEmailVerificationCode","source":{"storageSource":{"bucket":"gcf-v2-sources-418458858405-us-central1","object":"sendEmailVerificationCode/function-source.zip","generation":"1776637733381916"}},"environmentVariables":{"GOOGLE_NODE_RUN_SCRIPTS":""},"dockerRepository":"projects/doubly-messenging/locations/us-central1/repositories/gcf-artifacts","sourceProvenance":{"resolvedStorageSource":{"bucket":"gcf-v2-sources-418458858405-us-central1","object":"sendEmailVerificationCode/function-source.zip","generation":"1776622638527992"}},"dockerRegistry":"ARTIFACT_REGISTRY","serviceAccount":"projects/doubly-messenging/serviceAccounts/418458858405-compute@developer.gserviceaccount.com","automaticUpdatePolicy":{}},"serviceConfig":{"service":"projects/doubly-messenging/locations/us-central1/services/sendemailverificationcode","timeoutSeconds":60,"environmentVariables":{"STRIPE_PUBLISHABLE_KEY":"pk_test_51Sw3IiPXfOAXW8GLOdcuuNYqiwjI0DemhmgGHgFgGpbN6ZnZL6pgZdZ6rWVSkzSUKExQQCqkYGYS1oLRSxF2qzc800EJF7JZNm","FIREBASE_CONFIG":"{\"projectId\":\"doubly-messenging\",\"databaseURL\":\"https://doubly-messenging-default-rtdb.firebaseio.com\",\"storageBucket\":\"doubly-messenging.firebasestorage.app\"}","GCLOUD_PROJECT":"doubly-messenging","EVENTARC_CLOUD_EVENT_SOURCE":"projects/doubly-messenging/locations/us-central1/services/sendEmailVerificationCode","FUNCTION_TARGET":"sendEmailVerificationCode","LOG_EXECUTION_ID":"true"},"ingressSettings":"ALLOW_ALL","uri":"https://sendemailverificationcode-2i5ml5nzlq-uc.a.run.app","serviceAccountEmail":"418458858405-compute@developer.gserviceaccount.com","availableMemory":"256Mi","allTrafficOnLatestRevision":true,"revision":"sendemailverificationcode-00051-nur","maxInstanceRequestConcurrency":80,"availableCpu":"1"},"state":"ACTIVE","labels":{"deployment-tool":"cli-firebase","deployment-callable":"true","firebase-functions-hash":"30ecb0b240edf414fdc1d268af59f70fcd5e28ce"},"environment":"GEN_2","url":"https://us-central1-doubly-messenging.cloudfunctions.net/sendEmailVerificationCode","satisfiesPzi":true},"stages":[{"name":"BUILD","message":"Build in progress","state":"IN_PROGRESS","resource":"projects/418458858405/locations/us-central1/builds/3e862c3a-5cb7-41f7-9c3a-7dabf27fc83b","resourceUri":"https://console.cloud.google.com/cloud-build/builds;region=us-central1/3e862c3a-5cb7-41f7-9c3a-7dabf27fc83b?project=418458858405"},{"name":"SERVICE","state":"NOT_STARTED"}],"operationType":"UPDATE_FUNCTION","buildName":"projects/418458858405/locations/us-central1/builds/3e862c3a-5cb7-41f7-9c3a-7dabf27fc83b"},"done":false}
[debug] [2026-04-19T22:28:58.774Z] <<< [apiv2][status] GET https://cloudfunctions.googleapis.com/v2/projects/doubly-messenging/locations/us-central1/operations/operation-1776637732499-64fd7b4f0b149-e4033327-a825c3cf 200
[debug] [2026-04-19T22:28:58.774Z] <<< [apiv2][body] GET https://cloudfunctions.googleapis.com/v2/projects/doubly-messenging/locations/us-central1/operations/operation-1776637732499-64fd7b4f0b149-e4033327-a825c3cf {"name":"projects/doubly-messenging/locations/us-central1/operations/operation-1776637732499-64fd7b4f0b149-e4033327-a825c3cf","metadata":{"@type":"type.googleapis.com/google.cloud.functions.v2.OperationMetadata","createTime":"2026-04-19T22:28:53.342877178Z","target":"projects/doubly-messenging/locations/us-central1/functions/verifyEmailCode","verb":"update","cancelRequested":false,"apiVersion":"v2","requestResource":{"@type":"type.googleapis.com/google.cloud.functions.v2.Function","name":"projects/doubly-messenging/locations/us-central1/functions/verifyEmailCode","buildConfig":{"runtime":"nodejs24","entryPoint":"verifyEmailCode","source":{"storageSource":{"bucket":"gcf-v2-sources-418458858405-us-central1","object":"verifyEmailCode/function-source.zip","generation":"1776637733219062"}},"environmentVariables":{"GOOGLE_NODE_RUN_SCRIPTS":""},"dockerRepository":"projects/doubly-messenging/locations/us-central1/repositories/gcf-artifacts","sourceProvenance":{"resolvedStorageSource":{"bucket":"gcf-v2-sources-418458858405-us-central1","object":"verifyEmailCode/function-source.zip","generation":"1776622638835576"}},"dockerRegistry":"ARTIFACT_REGISTRY","serviceAccount":"projects/doubly-messenging/serviceAccounts/418458858405-compute@developer.gserviceaccount.com","automaticUpdatePolicy":{}},"serviceConfig":{"service":"projects/doubly-messenging/locations/us-central1/services/verifyemailcode","timeoutSeconds":60,"environmentVariables":{"STRIPE_PUBLISHABLE_KEY":"pk_test_51Sw3IiPXfOAXW8GLOdcuuNYqiwjI0DemhmgGHgFgGpbN6ZnZL6pgZdZ6rWVSkzSUKExQQCqkYGYS1oLRSxF2qzc800EJF7JZNm","FIREBASE_CONFIG":"{\"projectId\":\"doubly-messenging\",\"databaseURL\":\"https://doubly-messenging-default-rtdb.firebaseio.com\",\"storageBucket\":\"doubly-messenging.firebasestorage.app\"}","GCLOUD_PROJECT":"doubly-messenging","EVENTARC_CLOUD_EVENT_SOURCE":"projects/doubly-messenging/locations/us-central1/services/verifyEmailCode","FUNCTION_TARGET":"verifyEmailCode","LOG_EXECUTION_ID":"true"},"ingressSettings":"ALLOW_ALL","uri":"https://verifyemailcode-2i5ml5nzlq-uc.a.run.app","serviceAccountEmail":"418458858405-compute@developer.gserviceaccount.com","availableMemory":"256Mi","allTrafficOnLatestRevision":true,"revision":"verifyemailcode-00051-tah","maxInstanceRequestConcurrency":80,"availableCpu":"1"},"state":"ACTIVE","labels":{"deployment-tool":"cli-firebase","deployment-callable":"true","firebase-functions-hash":"30ecb0b240edf414fdc1d268af59f70fcd5e28ce"},"environment":"GEN_2","url":"https://us-central1-doubly-messenging.cloudfunctions.net/verifyEmailCode","satisfiesPzi":true},"stages":[{"name":"BUILD","message":"Build in progress","state":"IN_PROGRESS","resource":"projects/418458858405/locations/us-central1/builds/0b3f7b92-d258-4f50-8a09-2f425794c326","resourceUri":"https://console.cloud.google.com/cloud-build/builds;region=us-central1/0b3f7b92-d258-4f50-8a09-2f425794c326?project=418458858405"},{"name":"SERVICE","state":"NOT_STARTED"}],"operationType":"UPDATE_FUNCTION","buildName":"projects/418458858405/locations/us-central1/builds/0b3f7b92-d258-4f50-8a09-2f425794c326"},"done":false}
[debug] [2026-04-19T22:28:58.774Z] <<< [apiv2][status] GET https://cloudfunctions.googleapis.com/v2/projects/doubly-messenging/locations/us-central1/operations/operation-1776637732483-64fd7b4f0708e-11e1690a-364ebe2b 200
[debug] [2026-04-19T22:28:58.774Z] <<< [apiv2][body] GET https://cloudfunctions.googleapis.com/v2/projects/doubly-messenging/locations/us-central1/operations/operation-1776637732483-64fd7b4f0708e-11e1690a-364ebe2b {"name":"projects/doubly-messenging/locations/us-central1/operations/operation-1776637732483-64fd7b4f0708e-11e1690a-364ebe2b","metadata":{"@type":"type.googleapis.com/google.cloud.functions.v2.OperationMetadata","createTime":"2026-04-19T22:28:53.345836632Z","target":"projects/doubly-messenging/locations/us-central1/functions/api","verb":"update","cancelRequested":false,"apiVersion":"v2","requestResource":{"@type":"type.googleapis.com/google.cloud.functions.v2.Function","name":"projects/doubly-messenging/locations/us-central1/functions/api","buildConfig":{"runtime":"nodejs24","entryPoint":"api","source":{"storageSource":{"bucket":"gcf-v2-sources-418458858405-us-central1","object":"api/function-source.zip","generation":"1776637733208922"}},"environmentVariables":{"GOOGLE_NODE_RUN_SCRIPTS":""},"dockerRepository":"projects/doubly-messenging/locations/us-central1/repositories/gcf-artifacts","sourceProvenance":{"resolvedStorageSource":{"bucket":"gcf-v2-sources-418458858405-us-central1","object":"api/function-source.zip","generation":"1776622638849098"}},"dockerRegistry":"ARTIFACT_REGISTRY","serviceAccount":"projects/doubly-messenging/serviceAccounts/418458858405-compute@developer.gserviceaccount.com","automaticUpdatePolicy":{}},"serviceConfig":{"service":"projects/doubly-messenging/locations/us-central1/services/api","timeoutSeconds":60,"environmentVariables":{"STRIPE_PUBLISHABLE_KEY":"pk_test_51Sw3IiPXfOAXW8GLOdcuuNYqiwjI0DemhmgGHgFgGpbN6ZnZL6pgZdZ6rWVSkzSUKExQQCqkYGYS1oLRSxF2qzc800EJF7JZNm","FIREBASE_CONFIG":"{\"projectId\":\"doubly-messenging\",\"databaseURL\":\"https://doubly-messenging-default-rtdb.firebaseio.com\",\"storageBucket\":\"doubly-messenging.firebasestorage.app\"}","GCLOUD_PROJECT":"doubly-messenging","EVENTARC_CLOUD_EVENT_SOURCE":"projects/doubly-messenging/locations/us-central1/services/api","FUNCTION_TARGET":"api","LOG_EXECUTION_ID":"true"},"ingressSettings":"ALLOW_ALL","uri":"https://api-2i5ml5nzlq-uc.a.run.app","serviceAccountEmail":"418458858405-compute@developer.gserviceaccount.com","availableMemory":"256Mi","allTrafficOnLatestRevision":true,"secretEnvironmentVariables":[{"key":"STRIPE_SECRET_KEY","projectId":"doubly-messenging","secret":"STRIPE_SECRET_KEY","version":"4"},{"key":"STRIPE_WEBHOOK_SECRET","projectId":"doubly-messenging","secret":"STRIPE_WEBHOOK_SECRET","version":"1"}],"revision":"api-00053-nax","maxInstanceRequestConcurrency":80,"availableCpu":"1"},"state":"ACTIVE","labels":{"deployment-tool":"cli-firebase","firebase-functions-hash":"c751a13885a878e63afa042200028302582851c5"},"environment":"GEN_2","url":"https://us-central1-doubly-messenging.cloudfunctions.net/api","satisfiesPzi":true},"stages":[{"name":"BUILD","message":"Build in progress","state":"IN_PROGRESS","resource":"projects/418458858405/locations/us-central1/builds/3aab275b-ebfa-4cb7-98e2-8e9661a17209","resourceUri":"https://console.cloud.google.com/cloud-build/builds;region=us-central1/3aab275b-ebfa-4cb7-98e2-8e9661a17209?project=418458858405"},{"name":"SERVICE","state":"NOT_STARTED"}],"operationType":"UPDATE_FUNCTION","buildName":"projects/418458858405/locations/us-central1/builds/3aab275b-ebfa-4cb7-98e2-8e9661a17209"},"done":false}
[debug] [2026-04-19T22:29:02.642Z] [update-default-us-central1-sendEmailVerificationCode] Retrying task index 0
[debug] [2026-04-19T22:29:02.642Z] Checked if tokens are valid: true, expires at: 1776641155254
[debug] [2026-04-19T22:29:02.642Z] Checked if tokens are valid: true, expires at: 1776641155254
[debug] [2026-04-19T22:29:02.643Z] >>> [apiv2][query] GET https://cloudfunctions.googleapis.com/v2/projects/doubly-messenging/locations/us-central1/operations/operation-1776637732429-64fd7b4ef9efa-f1c3175b-9b53b0d5 [none]
[debug] [2026-04-19T22:29:02.780Z] [update-default-us-central1-verifyEmailCode] Retrying task index 0
[debug] [2026-04-19T22:29:02.780Z] Checked if tokens are valid: true, expires at: 1776641155254
[debug] [2026-04-19T22:29:02.780Z] Checked if tokens are valid: true, expires at: 1776641155254
[debug] [2026-04-19T22:29:02.780Z] >>> [apiv2][query] GET https://cloudfunctions.googleapis.com/v2/projects/doubly-messenging/locations/us-central1/operations/operation-1776637732499-64fd7b4f0b149-e4033327-a825c3cf [none]
[debug] [2026-04-19T22:29:02.781Z] [update-default-us-central1-api] Retrying task index 0
[debug] [2026-04-19T22:29:02.781Z] Checked if tokens are valid: true, expires at: 1776641155254
[debug] [2026-04-19T22:29:02.781Z] Checked if tokens are valid: true, expires at: 1776641155254
[debug] [2026-04-19T22:29:02.781Z] >>> [apiv2][query] GET https://cloudfunctions.googleapis.com/v2/projects/doubly-messenging/locations/us-central1/operations/operation-1776637732483-64fd7b4f0708e-11e1690a-364ebe2b [none]
[debug] [2026-04-19T22:29:02.877Z] <<< [apiv2][status] GET https://cloudfunctions.googleapis.com/v2/projects/doubly-messenging/locations/us-central1/operations/operation-1776637732499-64fd7b4f0b149-e4033327-a825c3cf 200
[debug] [2026-04-19T22:29:02.877Z] <<< [apiv2][body] GET https://cloudfunctions.googleapis.com/v2/projects/doubly-messenging/locations/us-central1/operations/operation-1776637732499-64fd7b4f0b149-e4033327-a825c3cf {"name":"projects/doubly-messenging/locations/us-central1/operations/operation-1776637732499-64fd7b4f0b149-e4033327-a825c3cf","metadata":{"@type":"type.googleapis.com/google.cloud.functions.v2.OperationMetadata","createTime":"2026-04-19T22:28:53.342877178Z","target":"projects/doubly-messenging/locations/us-central1/functions/verifyEmailCode","verb":"update","cancelRequested":false,"apiVersion":"v2","requestResource":{"@type":"type.googleapis.com/google.cloud.functions.v2.Function","name":"projects/doubly-messenging/locations/us-central1/functions/verifyEmailCode","buildConfig":{"runtime":"nodejs24","entryPoint":"verifyEmailCode","source":{"storageSource":{"bucket":"gcf-v2-sources-418458858405-us-central1","object":"verifyEmailCode/function-source.zip","generation":"1776637733219062"}},"environmentVariables":{"GOOGLE_NODE_RUN_SCRIPTS":""},"dockerRepository":"projects/doubly-messenging/locations/us-central1/repositories/gcf-artifacts","sourceProvenance":{"resolvedStorageSource":{"bucket":"gcf-v2-sources-418458858405-us-central1","object":"verifyEmailCode/function-source.zip","generation":"1776622638835576"}},"dockerRegistry":"ARTIFACT_REGISTRY","serviceAccount":"projects/doubly-messenging/serviceAccounts/418458858405-compute@developer.gserviceaccount.com","automaticUpdatePolicy":{}},"serviceConfig":{"service":"projects/doubly-messenging/locations/us-central1/services/verifyemailcode","timeoutSeconds":60,"environmentVariables":{"STRIPE_PUBLISHABLE_KEY":"pk_test_51Sw3IiPXfOAXW8GLOdcuuNYqiwjI0DemhmgGHgFgGpbN6ZnZL6pgZdZ6rWVSkzSUKExQQCqkYGYS1oLRSxF2qzc800EJF7JZNm","FIREBASE_CONFIG":"{\"projectId\":\"doubly-messenging\",\"databaseURL\":\"https://doubly-messenging-default-rtdb.firebaseio.com\",\"storageBucket\":\"doubly-messenging.firebasestorage.app\"}","GCLOUD_PROJECT":"doubly-messenging","EVENTARC_CLOUD_EVENT_SOURCE":"projects/doubly-messenging/locations/us-central1/services/verifyEmailCode","FUNCTION_TARGET":"verifyEmailCode","LOG_EXECUTION_ID":"true"},"ingressSettings":"ALLOW_ALL","uri":"https://verifyemailcode-2i5ml5nzlq-uc.a.run.app","serviceAccountEmail":"418458858405-compute@developer.gserviceaccount.com","availableMemory":"256Mi","allTrafficOnLatestRevision":true,"revision":"verifyemailcode-00051-tah","maxInstanceRequestConcurrency":80,"availableCpu":"1"},"state":"ACTIVE","labels":{"deployment-tool":"cli-firebase","deployment-callable":"true","firebase-functions-hash":"30ecb0b240edf414fdc1d268af59f70fcd5e28ce"},"environment":"GEN_2","url":"https://us-central1-doubly-messenging.cloudfunctions.net/verifyEmailCode","satisfiesPzi":true},"stages":[{"name":"BUILD","message":"Build in progress","state":"IN_PROGRESS","resource":"projects/418458858405/locations/us-central1/builds/0b3f7b92-d258-4f50-8a09-2f425794c326","resourceUri":"https://console.cloud.google.com/cloud-build/builds;region=us-central1/0b3f7b92-d258-4f50-8a09-2f425794c326?project=418458858405"},{"name":"SERVICE","state":"NOT_STARTED"}],"operationType":"UPDATE_FUNCTION","buildName":"projects/418458858405/locations/us-central1/builds/0b3f7b92-d258-4f50-8a09-2f425794c326"},"done":false}
[debug] [2026-04-19T22:29:02.893Z] <<< [apiv2][status] GET https://cloudfunctions.googleapis.com/v2/projects/doubly-messenging/locations/us-central1/operations/operation-1776637732429-64fd7b4ef9efa-f1c3175b-9b53b0d5 200
[debug] [2026-04-19T22:29:02.893Z] <<< [apiv2][body] GET https://cloudfunctions.googleapis.com/v2/projects/doubly-messenging/locations/us-central1/operations/operation-1776637732429-64fd7b4ef9efa-f1c3175b-9b53b0d5 {"name":"projects/doubly-messenging/locations/us-central1/operations/operation-1776637732429-64fd7b4ef9efa-f1c3175b-9b53b0d5","metadata":{"@type":"type.googleapis.com/google.cloud.functions.v2.OperationMetadata","createTime":"2026-04-19T22:28:53.428603940Z","target":"projects/doubly-messenging/locations/us-central1/functions/sendEmailVerificationCode","verb":"update","cancelRequested":false,"apiVersion":"v2","requestResource":{"@type":"type.googleapis.com/google.cloud.functions.v2.Function","name":"projects/doubly-messenging/locations/us-central1/functions/sendEmailVerificationCode","buildConfig":{"runtime":"nodejs24","entryPoint":"sendEmailVerificationCode","source":{"storageSource":{"bucket":"gcf-v2-sources-418458858405-us-central1","object":"sendEmailVerificationCode/function-source.zip","generation":"1776637733381916"}},"environmentVariables":{"GOOGLE_NODE_RUN_SCRIPTS":""},"dockerRepository":"projects/doubly-messenging/locations/us-central1/repositories/gcf-artifacts","sourceProvenance":{"resolvedStorageSource":{"bucket":"gcf-v2-sources-418458858405-us-central1","object":"sendEmailVerificationCode/function-source.zip","generation":"1776622638527992"}},"dockerRegistry":"ARTIFACT_REGISTRY","serviceAccount":"projects/doubly-messenging/serviceAccounts/418458858405-compute@developer.gserviceaccount.com","automaticUpdatePolicy":{}},"serviceConfig":{"service":"projects/doubly-messenging/locations/us-central1/services/sendemailverificationcode","timeoutSeconds":60,"environmentVariables":{"STRIPE_PUBLISHABLE_KEY":"pk_test_51Sw3IiPXfOAXW8GLOdcuuNYqiwjI0DemhmgGHgFgGpbN6ZnZL6pgZdZ6rWVSkzSUKExQQCqkYGYS1oLRSxF2qzc800EJF7JZNm","FIREBASE_CONFIG":"{\"projectId\":\"doubly-messenging\",\"databaseURL\":\"https://doubly-messenging-default-rtdb.firebaseio.com\",\"storageBucket\":\"doubly-messenging.firebasestorage.app\"}","GCLOUD_PROJECT":"doubly-messenging","EVENTARC_CLOUD_EVENT_SOURCE":"projects/doubly-messenging/locations/us-central1/services/sendEmailVerificationCode","FUNCTION_TARGET":"sendEmailVerificationCode","LOG_EXECUTION_ID":"true"},"ingressSettings":"ALLOW_ALL","uri":"https://sendemailverificationcode-2i5ml5nzlq-uc.a.run.app","serviceAccountEmail":"418458858405-compute@developer.gserviceaccount.com","availableMemory":"256Mi","allTrafficOnLatestRevision":true,"revision":"sendemailverificationcode-00051-nur","maxInstanceRequestConcurrency":80,"availableCpu":"1"},"state":"ACTIVE","labels":{"deployment-tool":"cli-firebase","deployment-callable":"true","firebase-functions-hash":"30ecb0b240edf414fdc1d268af59f70fcd5e28ce"},"environment":"GEN_2","url":"https://us-central1-doubly-messenging.cloudfunctions.net/sendEmailVerificationCode","satisfiesPzi":true},"stages":[{"name":"BUILD","message":"Build in progress","state":"IN_PROGRESS","resource":"projects/418458858405/locations/us-central1/builds/3e862c3a-5cb7-41f7-9c3a-7dabf27fc83b","resourceUri":"https://console.cloud.google.com/cloud-build/builds;region=us-central1/3e862c3a-5cb7-41f7-9c3a-7dabf27fc83b?project=418458858405"},{"name":"SERVICE","state":"NOT_STARTED"}],"operationType":"UPDATE_FUNCTION","buildName":"projects/418458858405/locations/us-central1/builds/3e862c3a-5cb7-41f7-9c3a-7dabf27fc83b"},"done":false}
[debug] [2026-04-19T22:29:02.928Z] <<< [apiv2][status] GET https://cloudfunctions.googleapis.com/v2/projects/doubly-messenging/locations/us-central1/operations/operation-1776637732483-64fd7b4f0708e-11e1690a-364ebe2b 200
[debug] [2026-04-19T22:29:02.928Z] <<< [apiv2][body] GET https://cloudfunctions.googleapis.com/v2/projects/doubly-messenging/locations/us-central1/operations/operation-1776637732483-64fd7b4f0708e-11e1690a-364ebe2b {"name":"projects/doubly-messenging/locations/us-central1/operations/operation-1776637732483-64fd7b4f0708e-11e1690a-364ebe2b","metadata":{"@type":"type.googleapis.com/google.cloud.functions.v2.OperationMetadata","createTime":"2026-04-19T22:28:53.345836632Z","target":"projects/doubly-messenging/locations/us-central1/functions/api","verb":"update","cancelRequested":false,"apiVersion":"v2","requestResource":{"@type":"type.googleapis.com/google.cloud.functions.v2.Function","name":"projects/doubly-messenging/locations/us-central1/functions/api","buildConfig":{"runtime":"nodejs24","entryPoint":"api","source":{"storageSource":{"bucket":"gcf-v2-sources-418458858405-us-central1","object":"api/function-source.zip","generation":"1776637733208922"}},"environmentVariables":{"GOOGLE_NODE_RUN_SCRIPTS":""},"dockerRepository":"projects/doubly-messenging/locations/us-central1/repositories/gcf-artifacts","sourceProvenance":{"resolvedStorageSource":{"bucket":"gcf-v2-sources-418458858405-us-central1","object":"api/function-source.zip","generation":"1776622638849098"}},"dockerRegistry":"ARTIFACT_REGISTRY","serviceAccount":"projects/doubly-messenging/serviceAccounts/418458858405-compute@developer.gserviceaccount.com","automaticUpdatePolicy":{}},"serviceConfig":{"service":"projects/doubly-messenging/locations/us-central1/services/api","timeoutSeconds":60,"environmentVariables":{"STRIPE_PUBLISHABLE_KEY":"pk_test_51Sw3IiPXfOAXW8GLOdcuuNYqiwjI0DemhmgGHgFgGpbN6ZnZL6pgZdZ6rWVSkzSUKExQQCqkYGYS1oLRSxF2qzc800EJF7JZNm","FIREBASE_CONFIG":"{\"projectId\":\"doubly-messenging\",\"databaseURL\":\"https://doubly-messenging-default-rtdb.firebaseio.com\",\"storageBucket\":\"doubly-messenging.firebasestorage.app\"}","GCLOUD_PROJECT":"doubly-messenging","EVENTARC_CLOUD_EVENT_SOURCE":"projects/doubly-messenging/locations/us-central1/services/api","FUNCTION_TARGET":"api","LOG_EXECUTION_ID":"true"},"ingressSettings":"ALLOW_ALL","uri":"https://api-2i5ml5nzlq-uc.a.run.app","serviceAccountEmail":"418458858405-compute@developer.gserviceaccount.com","availableMemory":"256Mi","allTrafficOnLatestRevision":true,"secretEnvironmentVariables":[{"key":"STRIPE_SECRET_KEY","projectId":"doubly-messenging","secret":"STRIPE_SECRET_KEY","version":"4"},{"key":"STRIPE_WEBHOOK_SECRET","projectId":"doubly-messenging","secret":"STRIPE_WEBHOOK_SECRET","version":"1"}],"revision":"api-00053-nax","maxInstanceRequestConcurrency":80,"availableCpu":"1"},"state":"ACTIVE","labels":{"deployment-tool":"cli-firebase","firebase-functions-hash":"c751a13885a878e63afa042200028302582851c5"},"environment":"GEN_2","url":"https://us-central1-doubly-messenging.cloudfunctions.net/api","satisfiesPzi":true},"stages":[{"name":"BUILD","message":"Build in progress","state":"IN_PROGRESS","resource":"projects/418458858405/locations/us-central1/builds/3aab275b-ebfa-4cb7-98e2-8e9661a17209","resourceUri":"https://console.cloud.google.com/cloud-build/builds;region=us-central1/3aab275b-ebfa-4cb7-98e2-8e9661a17209?project=418458858405"},{"name":"SERVICE","state":"NOT_STARTED"}],"operationType":"UPDATE_FUNCTION","buildName":"projects/418458858405/locations/us-central1/builds/3aab275b-ebfa-4cb7-98e2-8e9661a17209"},"done":false}
[debug] [2026-04-19T22:29:09.394Z] [update-default-us-central1-verifyEmailCode] Retrying task index 0
[debug] [2026-04-19T22:29:09.395Z] Checked if tokens are valid: true, expires at: 1776641155254
[debug] [2026-04-19T22:29:09.395Z] Checked if tokens are valid: true, expires at: 1776641155254
[debug] [2026-04-19T22:29:09.395Z] >>> [apiv2][query] GET https://cloudfunctions.googleapis.com/v2/projects/doubly-messenging/locations/us-central1/operations/operation-1776637732499-64fd7b4f0b149-e4033327-a825c3cf [none]
[debug] [2026-04-19T22:29:09.403Z] [update-default-us-central1-sendEmailVerificationCode] Retrying task index 0
[debug] [2026-04-19T22:29:09.403Z] Checked if tokens are valid: true, expires at: 1776641155254
[debug] [2026-04-19T22:29:09.403Z] Checked if tokens are valid: true, expires at: 1776641155254
[debug] [2026-04-19T22:29:09.403Z] >>> [apiv2][query] GET https://cloudfunctions.googleapis.com/v2/projects/doubly-messenging/locations/us-central1/operations/operation-1776637732429-64fd7b4ef9efa-f1c3175b-9b53b0d5 [none]
[debug] [2026-04-19T22:29:09.437Z] [update-default-us-central1-api] Retrying task index 0
[debug] [2026-04-19T22:29:09.438Z] Checked if tokens are valid: true, expires at: 1776641155254
[debug] [2026-04-19T22:29:09.438Z] Checked if tokens are valid: true, expires at: 1776641155254
[debug] [2026-04-19T22:29:09.438Z] >>> [apiv2][query] GET https://cloudfunctions.googleapis.com/v2/projects/doubly-messenging/locations/us-central1/operations/operation-1776637732483-64fd7b4f0708e-11e1690a-364ebe2b [none]
[debug] [2026-04-19T22:29:09.685Z] <<< [apiv2][status] GET https://cloudfunctions.googleapis.com/v2/projects/doubly-messenging/locations/us-central1/operations/operation-1776637732429-64fd7b4ef9efa-f1c3175b-9b53b0d5 200
[debug] [2026-04-19T22:29:09.685Z] <<< [apiv2][body] GET https://cloudfunctions.googleapis.com/v2/projects/doubly-messenging/locations/us-central1/operations/operation-1776637732429-64fd7b4ef9efa-f1c3175b-9b53b0d5 {"name":"projects/doubly-messenging/locations/us-central1/operations/operation-1776637732429-64fd7b4ef9efa-f1c3175b-9b53b0d5","metadata":{"@type":"type.googleapis.com/google.cloud.functions.v2.OperationMetadata","createTime":"2026-04-19T22:28:53.428603940Z","target":"projects/doubly-messenging/locations/us-central1/functions/sendEmailVerificationCode","verb":"update","cancelRequested":false,"apiVersion":"v2","requestResource":{"@type":"type.googleapis.com/google.cloud.functions.v2.Function","name":"projects/doubly-messenging/locations/us-central1/functions/sendEmailVerificationCode","buildConfig":{"runtime":"nodejs24","entryPoint":"sendEmailVerificationCode","source":{"storageSource":{"bucket":"gcf-v2-sources-418458858405-us-central1","object":"sendEmailVerificationCode/function-source.zip","generation":"1776637733381916"}},"environmentVariables":{"GOOGLE_NODE_RUN_SCRIPTS":""},"dockerRepository":"projects/doubly-messenging/locations/us-central1/repositories/gcf-artifacts","sourceProvenance":{"resolvedStorageSource":{"bucket":"gcf-v2-sources-418458858405-us-central1","object":"sendEmailVerificationCode/function-source.zip","generation":"1776622638527992"}},"dockerRegistry":"ARTIFACT_REGISTRY","serviceAccount":"projects/doubly-messenging/serviceAccounts/418458858405-compute@developer.gserviceaccount.com","automaticUpdatePolicy":{}},"serviceConfig":{"service":"projects/doubly-messenging/locations/us-central1/services/sendemailverificationcode","timeoutSeconds":60,"environmentVariables":{"STRIPE_PUBLISHABLE_KEY":"pk_test_51Sw3IiPXfOAXW8GLOdcuuNYqiwjI0DemhmgGHgFgGpbN6ZnZL6pgZdZ6rWVSkzSUKExQQCqkYGYS1oLRSxF2qzc800EJF7JZNm","FIREBASE_CONFIG":"{\"projectId\":\"doubly-messenging\",\"databaseURL\":\"https://doubly-messenging-default-rtdb.firebaseio.com\",\"storageBucket\":\"doubly-messenging.firebasestorage.app\"}","GCLOUD_PROJECT":"doubly-messenging","EVENTARC_CLOUD_EVENT_SOURCE":"projects/doubly-messenging/locations/us-central1/services/sendEmailVerificationCode","FUNCTION_TARGET":"sendEmailVerificationCode","LOG_EXECUTION_ID":"true"},"ingressSettings":"ALLOW_ALL","uri":"https://sendemailverificationcode-2i5ml5nzlq-uc.a.run.app","serviceAccountEmail":"418458858405-compute@developer.gserviceaccount.com","availableMemory":"256Mi","allTrafficOnLatestRevision":true,"revision":"sendemailverificationcode-00051-nur","maxInstanceRequestConcurrency":80,"availableCpu":"1"},"state":"ACTIVE","labels":{"deployment-tool":"cli-firebase","deployment-callable":"true","firebase-functions-hash":"30ecb0b240edf414fdc1d268af59f70fcd5e28ce"},"environment":"GEN_2","url":"https://us-central1-doubly-messenging.cloudfunctions.net/sendEmailVerificationCode","satisfiesPzi":true},"stages":[{"name":"BUILD","message":"Build in progress","state":"IN_PROGRESS","resource":"projects/418458858405/locations/us-central1/builds/3e862c3a-5cb7-41f7-9c3a-7dabf27fc83b","resourceUri":"https://console.cloud.google.com/cloud-build/builds;region=us-central1/3e862c3a-5cb7-41f7-9c3a-7dabf27fc83b?project=418458858405"},{"name":"SERVICE","state":"NOT_STARTED"}],"operationType":"UPDATE_FUNCTION","buildName":"projects/418458858405/locations/us-central1/builds/3e862c3a-5cb7-41f7-9c3a-7dabf27fc83b"},"done":false}
[debug] [2026-04-19T22:29:09.687Z] <<< [apiv2][status] GET https://cloudfunctions.googleapis.com/v2/projects/doubly-messenging/locations/us-central1/operations/operation-1776637732499-64fd7b4f0b149-e4033327-a825c3cf 200
[debug] [2026-04-19T22:29:09.687Z] <<< [apiv2][body] GET https://cloudfunctions.googleapis.com/v2/projects/doubly-messenging/locations/us-central1/operations/operation-1776637732499-64fd7b4f0b149-e4033327-a825c3cf {"name":"projects/doubly-messenging/locations/us-central1/operations/operation-1776637732499-64fd7b4f0b149-e4033327-a825c3cf","metadata":{"@type":"type.googleapis.com/google.cloud.functions.v2.OperationMetadata","createTime":"2026-04-19T22:28:53.342877178Z","target":"projects/doubly-messenging/locations/us-central1/functions/verifyEmailCode","verb":"update","cancelRequested":false,"apiVersion":"v2","requestResource":{"@type":"type.googleapis.com/google.cloud.functions.v2.Function","name":"projects/doubly-messenging/locations/us-central1/functions/verifyEmailCode","buildConfig":{"runtime":"nodejs24","entryPoint":"verifyEmailCode","source":{"storageSource":{"bucket":"gcf-v2-sources-418458858405-us-central1","object":"verifyEmailCode/function-source.zip","generation":"1776637733219062"}},"environmentVariables":{"GOOGLE_NODE_RUN_SCRIPTS":""},"dockerRepository":"projects/doubly-messenging/locations/us-central1/repositories/gcf-artifacts","sourceProvenance":{"resolvedStorageSource":{"bucket":"gcf-v2-sources-418458858405-us-central1","object":"verifyEmailCode/function-source.zip","generation":"1776622638835576"}},"dockerRegistry":"ARTIFACT_REGISTRY","serviceAccount":"projects/doubly-messenging/serviceAccounts/418458858405-compute@developer.gserviceaccount.com","automaticUpdatePolicy":{}},"serviceConfig":{"service":"projects/doubly-messenging/locations/us-central1/services/verifyemailcode","timeoutSeconds":60,"environmentVariables":{"STRIPE_PUBLISHABLE_KEY":"pk_test_51Sw3IiPXfOAXW8GLOdcuuNYqiwjI0DemhmgGHgFgGpbN6ZnZL6pgZdZ6rWVSkzSUKExQQCqkYGYS1oLRSxF2qzc800EJF7JZNm","FIREBASE_CONFIG":"{\"projectId\":\"doubly-messenging\",\"databaseURL\":\"https://doubly-messenging-default-rtdb.firebaseio.com\",\"storageBucket\":\"doubly-messenging.firebasestorage.app\"}","GCLOUD_PROJECT":"doubly-messenging","EVENTARC_CLOUD_EVENT_SOURCE":"projects/doubly-messenging/locations/us-central1/services/verifyEmailCode","FUNCTION_TARGET":"verifyEmailCode","LOG_EXECUTION_ID":"true"},"ingressSettings":"ALLOW_ALL","uri":"https://verifyemailcode-2i5ml5nzlq-uc.a.run.app","serviceAccountEmail":"418458858405-compute@developer.gserviceaccount.com","availableMemory":"256Mi","allTrafficOnLatestRevision":true,"revision":"verifyemailcode-00051-tah","maxInstanceRequestConcurrency":80,"availableCpu":"1"},"state":"ACTIVE","labels":{"deployment-tool":"cli-firebase","deployment-callable":"true","firebase-functions-hash":"30ecb0b240edf414fdc1d268af59f70fcd5e28ce"},"environment":"GEN_2","url":"https://us-central1-doubly-messenging.cloudfunctions.net/verifyEmailCode","satisfiesPzi":true},"stages":[{"name":"BUILD","message":"Build in progress","state":"IN_PROGRESS","resource":"projects/418458858405/locations/us-central1/builds/0b3f7b92-d258-4f50-8a09-2f425794c326","resourceUri":"https://console.cloud.google.com/cloud-build/builds;region=us-central1/0b3f7b92-d258-4f50-8a09-2f425794c326?project=418458858405"},{"name":"SERVICE","state":"NOT_STARTED"}],"operationType":"UPDATE_FUNCTION","buildName":"projects/418458858405/locations/us-central1/builds/0b3f7b92-d258-4f50-8a09-2f425794c326"},"done":false}
[debug] [2026-04-19T22:29:09.765Z] <<< [apiv2][status] GET https://cloudfunctions.googleapis.com/v2/projects/doubly-messenging/locations/us-central1/operations/operation-1776637732483-64fd7b4f0708e-11e1690a-364ebe2b 200
[debug] [2026-04-19T22:29:09.765Z] <<< [apiv2][body] GET https://cloudfunctions.googleapis.com/v2/projects/doubly-messenging/locations/us-central1/operations/operation-1776637732483-64fd7b4f0708e-11e1690a-364ebe2b {"name":"projects/doubly-messenging/locations/us-central1/operations/operation-1776637732483-64fd7b4f0708e-11e1690a-364ebe2b","metadata":{"@type":"type.googleapis.com/google.cloud.functions.v2.OperationMetadata","createTime":"2026-04-19T22:28:53.345836632Z","target":"projects/doubly-messenging/locations/us-central1/functions/api","verb":"update","cancelRequested":false,"apiVersion":"v2","requestResource":{"@type":"type.googleapis.com/google.cloud.functions.v2.Function","name":"projects/doubly-messenging/locations/us-central1/functions/api","buildConfig":{"runtime":"nodejs24","entryPoint":"api","source":{"storageSource":{"bucket":"gcf-v2-sources-418458858405-us-central1","object":"api/function-source.zip","generation":"1776637733208922"}},"environmentVariables":{"GOOGLE_NODE_RUN_SCRIPTS":""},"dockerRepository":"projects/doubly-messenging/locations/us-central1/repositories/gcf-artifacts","sourceProvenance":{"resolvedStorageSource":{"bucket":"gcf-v2-sources-418458858405-us-central1","object":"api/function-source.zip","generation":"1776622638849098"}},"dockerRegistry":"ARTIFACT_REGISTRY","serviceAccount":"projects/doubly-messenging/serviceAccounts/418458858405-compute@developer.gserviceaccount.com","automaticUpdatePolicy":{}},"serviceConfig":{"service":"projects/doubly-messenging/locations/us-central1/services/api","timeoutSeconds":60,"environmentVariables":{"STRIPE_PUBLISHABLE_KEY":"pk_test_51Sw3IiPXfOAXW8GLOdcuuNYqiwjI0DemhmgGHgFgGpbN6ZnZL6pgZdZ6rWVSkzSUKExQQCqkYGYS1oLRSxF2qzc800EJF7JZNm","FIREBASE_CONFIG":"{\"projectId\":\"doubly-messenging\",\"databaseURL\":\"https://doubly-messenging-default-rtdb.firebaseio.com\",\"storageBucket\":\"doubly-messenging.firebasestorage.app\"}","GCLOUD_PROJECT":"doubly-messenging","EVENTARC_CLOUD_EVENT_SOURCE":"projects/doubly-messenging/locations/us-central1/services/api","FUNCTION_TARGET":"api","LOG_EXECUTION_ID":"true"},"ingressSettings":"ALLOW_ALL","uri":"https://api-2i5ml5nzlq-uc.a.run.app","serviceAccountEmail":"418458858405-compute@developer.gserviceaccount.com","availableMemory":"256Mi","allTrafficOnLatestRevision":true,"secretEnvironmentVariables":[{"key":"STRIPE_SECRET_KEY","projectId":"doubly-messenging","secret":"STRIPE_SECRET_KEY","version":"4"},{"key":"STRIPE_WEBHOOK_SECRET","projectId":"doubly-messenging","secret":"STRIPE_WEBHOOK_SECRET","version":"1"}],"revision":"api-00053-nax","maxInstanceRequestConcurrency":80,"availableCpu":"1"},"state":"ACTIVE","labels":{"deployment-tool":"cli-firebase","firebase-functions-hash":"c751a13885a878e63afa042200028302582851c5"},"environment":"GEN_2","url":"https://us-central1-doubly-messenging.cloudfunctions.net/api","satisfiesPzi":true},"stages":[{"name":"BUILD","message":"Build in progress","state":"IN_PROGRESS","resource":"projects/418458858405/locations/us-central1/builds/3aab275b-ebfa-4cb7-98e2-8e9661a17209","resourceUri":"https://console.cloud.google.com/cloud-build/builds;region=us-central1/3aab275b-ebfa-4cb7-98e2-8e9661a17209?project=418458858405"},{"name":"SERVICE","state":"NOT_STARTED"}],"operationType":"UPDATE_FUNCTION","buildName":"projects/418458858405/locations/us-central1/builds/3aab275b-ebfa-4cb7-98e2-8e9661a17209"},"done":false}
[debug] [2026-04-19T22:29:19.703Z] [update-default-us-central1-sendEmailVerificationCode] Retrying task index 0
[debug] [2026-04-19T22:29:19.703Z] Checked if tokens are valid: true, expires at: 1776641155254
[debug] [2026-04-19T22:29:19.704Z] Checked if tokens are valid: true, expires at: 1776641155254
[debug] [2026-04-19T22:29:19.704Z] >>> [apiv2][query] GET https://cloudfunctions.googleapis.com/v2/projects/doubly-messenging/locations/us-central1/operations/operation-1776637732429-64fd7b4ef9efa-f1c3175b-9b53b0d5 [none]
[debug] [2026-04-19T22:29:19.705Z] [update-default-us-central1-verifyEmailCode] Retrying task index 0
[debug] [2026-04-19T22:29:19.705Z] Checked if tokens are valid: true, expires at: 1776641155254
[debug] [2026-04-19T22:29:19.705Z] Checked if tokens are valid: true, expires at: 1776641155254
[debug] [2026-04-19T22:29:19.705Z] >>> [apiv2][query] GET https://cloudfunctions.googleapis.com/v2/projects/doubly-messenging/locations/us-central1/operations/operation-1776637732499-64fd7b4f0b149-e4033327-a825c3cf [none]
[debug] [2026-04-19T22:29:19.765Z] [update-default-us-central1-api] Retrying task index 0
[debug] [2026-04-19T22:29:19.766Z] Checked if tokens are valid: true, expires at: 1776641155254
[debug] [2026-04-19T22:29:19.766Z] Checked if tokens are valid: true, expires at: 1776641155254
[debug] [2026-04-19T22:29:19.766Z] >>> [apiv2][query] GET https://cloudfunctions.googleapis.com/v2/projects/doubly-messenging/locations/us-central1/operations/operation-1776637732483-64fd7b4f0708e-11e1690a-364ebe2b [none]
[debug] [2026-04-19T22:29:20.018Z] <<< [apiv2][status] GET https://cloudfunctions.googleapis.com/v2/projects/doubly-messenging/locations/us-central1/operations/operation-1776637732499-64fd7b4f0b149-e4033327-a825c3cf 200
[debug] [2026-04-19T22:29:20.018Z] <<< [apiv2][body] GET https://cloudfunctions.googleapis.com/v2/projects/doubly-messenging/locations/us-central1/operations/operation-1776637732499-64fd7b4f0b149-e4033327-a825c3cf {"name":"projects/doubly-messenging/locations/us-central1/operations/operation-1776637732499-64fd7b4f0b149-e4033327-a825c3cf","metadata":{"@type":"type.googleapis.com/google.cloud.functions.v2.OperationMetadata","createTime":"2026-04-19T22:28:53.342877178Z","target":"projects/doubly-messenging/locations/us-central1/functions/verifyEmailCode","verb":"update","cancelRequested":false,"apiVersion":"v2","requestResource":{"@type":"type.googleapis.com/google.cloud.functions.v2.Function","name":"projects/doubly-messenging/locations/us-central1/functions/verifyEmailCode","buildConfig":{"runtime":"nodejs24","entryPoint":"verifyEmailCode","source":{"storageSource":{"bucket":"gcf-v2-sources-418458858405-us-central1","object":"verifyEmailCode/function-source.zip","generation":"1776637733219062"}},"environmentVariables":{"GOOGLE_NODE_RUN_SCRIPTS":""},"dockerRepository":"projects/doubly-messenging/locations/us-central1/repositories/gcf-artifacts","sourceProvenance":{"resolvedStorageSource":{"bucket":"gcf-v2-sources-418458858405-us-central1","object":"verifyEmailCode/function-source.zip","generation":"1776622638835576"}},"dockerRegistry":"ARTIFACT_REGISTRY","serviceAccount":"projects/doubly-messenging/serviceAccounts/418458858405-compute@developer.gserviceaccount.com","automaticUpdatePolicy":{}},"serviceConfig":{"service":"projects/doubly-messenging/locations/us-central1/services/verifyemailcode","timeoutSeconds":60,"environmentVariables":{"STRIPE_PUBLISHABLE_KEY":"pk_test_51Sw3IiPXfOAXW8GLOdcuuNYqiwjI0DemhmgGHgFgGpbN6ZnZL6pgZdZ6rWVSkzSUKExQQCqkYGYS1oLRSxF2qzc800EJF7JZNm","FIREBASE_CONFIG":"{\"projectId\":\"doubly-messenging\",\"databaseURL\":\"https://doubly-messenging-default-rtdb.firebaseio.com\",\"storageBucket\":\"doubly-messenging.firebasestorage.app\"}","GCLOUD_PROJECT":"doubly-messenging","EVENTARC_CLOUD_EVENT_SOURCE":"projects/doubly-messenging/locations/us-central1/services/verifyEmailCode","FUNCTION_TARGET":"verifyEmailCode","LOG_EXECUTION_ID":"true"},"ingressSettings":"ALLOW_ALL","uri":"https://verifyemailcode-2i5ml5nzlq-uc.a.run.app","serviceAccountEmail":"418458858405-compute@developer.gserviceaccount.com","availableMemory":"256Mi","allTrafficOnLatestRevision":true,"revision":"verifyemailcode-00051-tah","maxInstanceRequestConcurrency":80,"availableCpu":"1"},"state":"ACTIVE","labels":{"deployment-tool":"cli-firebase","deployment-callable":"true","firebase-functions-hash":"30ecb0b240edf414fdc1d268af59f70fcd5e28ce"},"environment":"GEN_2","url":"https://us-central1-doubly-messenging.cloudfunctions.net/verifyEmailCode","satisfiesPzi":true},"stages":[{"name":"BUILD","message":"Build in progress","state":"IN_PROGRESS","resource":"projects/418458858405/locations/us-central1/builds/0b3f7b92-d258-4f50-8a09-2f425794c326","resourceUri":"https://console.cloud.google.com/cloud-build/builds;region=us-central1/0b3f7b92-d258-4f50-8a09-2f425794c326?project=418458858405"},{"name":"SERVICE","state":"NOT_STARTED"}],"operationType":"UPDATE_FUNCTION","buildName":"projects/418458858405/locations/us-central1/builds/0b3f7b92-d258-4f50-8a09-2f425794c326"},"done":false}
[debug] [2026-04-19T22:29:20.023Z] <<< [apiv2][status] GET https://cloudfunctions.googleapis.com/v2/projects/doubly-messenging/locations/us-central1/operations/operation-1776637732429-64fd7b4ef9efa-f1c3175b-9b53b0d5 200
[debug] [2026-04-19T22:29:20.023Z] <<< [apiv2][body] GET https://cloudfunctions.googleapis.com/v2/projects/doubly-messenging/locations/us-central1/operations/operation-1776637732429-64fd7b4ef9efa-f1c3175b-9b53b0d5 {"name":"projects/doubly-messenging/locations/us-central1/operations/operation-1776637732429-64fd7b4ef9efa-f1c3175b-9b53b0d5","metadata":{"@type":"type.googleapis.com/google.cloud.functions.v2.OperationMetadata","createTime":"2026-04-19T22:28:53.428603940Z","target":"projects/doubly-messenging/locations/us-central1/functions/sendEmailVerificationCode","verb":"update","cancelRequested":false,"apiVersion":"v2","requestResource":{"@type":"type.googleapis.com/google.cloud.functions.v2.Function","name":"projects/doubly-messenging/locations/us-central1/functions/sendEmailVerificationCode","buildConfig":{"runtime":"nodejs24","entryPoint":"sendEmailVerificationCode","source":{"storageSource":{"bucket":"gcf-v2-sources-418458858405-us-central1","object":"sendEmailVerificationCode/function-source.zip","generation":"1776637733381916"}},"environmentVariables":{"GOOGLE_NODE_RUN_SCRIPTS":""},"dockerRepository":"projects/doubly-messenging/locations/us-central1/repositories/gcf-artifacts","sourceProvenance":{"resolvedStorageSource":{"bucket":"gcf-v2-sources-418458858405-us-central1","object":"sendEmailVerificationCode/function-source.zip","generation":"1776622638527992"}},"dockerRegistry":"ARTIFACT_REGISTRY","serviceAccount":"projects/doubly-messenging/serviceAccounts/418458858405-compute@developer.gserviceaccount.com","automaticUpdatePolicy":{}},"serviceConfig":{"service":"projects/doubly-messenging/locations/us-central1/services/sendemailverificationcode","timeoutSeconds":60,"environmentVariables":{"STRIPE_PUBLISHABLE_KEY":"pk_test_51Sw3IiPXfOAXW8GLOdcuuNYqiwjI0DemhmgGHgFgGpbN6ZnZL6pgZdZ6rWVSkzSUKExQQCqkYGYS1oLRSxF2qzc800EJF7JZNm","FIREBASE_CONFIG":"{\"projectId\":\"doubly-messenging\",\"databaseURL\":\"https://doubly-messenging-default-rtdb.firebaseio.com\",\"storageBucket\":\"doubly-messenging.firebasestorage.app\"}","GCLOUD_PROJECT":"doubly-messenging","EVENTARC_CLOUD_EVENT_SOURCE":"projects/doubly-messenging/locations/us-central1/services/sendEmailVerificationCode","FUNCTION_TARGET":"sendEmailVerificationCode","LOG_EXECUTION_ID":"true"},"ingressSettings":"ALLOW_ALL","uri":"https://sendemailverificationcode-2i5ml5nzlq-uc.a.run.app","serviceAccountEmail":"418458858405-compute@developer.gserviceaccount.com","availableMemory":"256Mi","allTrafficOnLatestRevision":true,"revision":"sendemailverificationcode-00051-nur","maxInstanceRequestConcurrency":80,"availableCpu":"1"},"state":"ACTIVE","labels":{"deployment-tool":"cli-firebase","deployment-callable":"true","firebase-functions-hash":"30ecb0b240edf414fdc1d268af59f70fcd5e28ce"},"environment":"GEN_2","url":"https://us-central1-doubly-messenging.cloudfunctions.net/sendEmailVerificationCode","satisfiesPzi":true},"stages":[{"name":"BUILD","message":"Build in progress","state":"IN_PROGRESS","resource":"projects/418458858405/locations/us-central1/builds/3e862c3a-5cb7-41f7-9c3a-7dabf27fc83b","resourceUri":"https://console.cloud.google.com/cloud-build/builds;region=us-central1/3e862c3a-5cb7-41f7-9c3a-7dabf27fc83b?project=418458858405"},{"name":"SERVICE","state":"NOT_STARTED"}],"operationType":"UPDATE_FUNCTION","buildName":"projects/418458858405/locations/us-central1/builds/3e862c3a-5cb7-41f7-9c3a-7dabf27fc83b"},"done":false}
[debug] [2026-04-19T22:29:20.088Z] <<< [apiv2][status] GET https://cloudfunctions.googleapis.com/v2/projects/doubly-messenging/locations/us-central1/operations/operation-1776637732483-64fd7b4f0708e-11e1690a-364ebe2b 200
[debug] [2026-04-19T22:29:20.088Z] <<< [apiv2][body] GET https://cloudfunctions.googleapis.com/v2/projects/doubly-messenging/locations/us-central1/operations/operation-1776637732483-64fd7b4f0708e-11e1690a-364ebe2b {"name":"projects/doubly-messenging/locations/us-central1/operations/operation-1776637732483-64fd7b4f0708e-11e1690a-364ebe2b","metadata":{"@type":"type.googleapis.com/google.cloud.functions.v2.OperationMetadata","createTime":"2026-04-19T22:28:53.345836632Z","target":"projects/doubly-messenging/locations/us-central1/functions/api","verb":"update","cancelRequested":false,"apiVersion":"v2","requestResource":{"@type":"type.googleapis.com/google.cloud.functions.v2.Function","name":"projects/doubly-messenging/locations/us-central1/functions/api","buildConfig":{"runtime":"nodejs24","entryPoint":"api","source":{"storageSource":{"bucket":"gcf-v2-sources-418458858405-us-central1","object":"api/function-source.zip","generation":"1776637733208922"}},"environmentVariables":{"GOOGLE_NODE_RUN_SCRIPTS":""},"dockerRepository":"projects/doubly-messenging/locations/us-central1/repositories/gcf-artifacts","sourceProvenance":{"resolvedStorageSource":{"bucket":"gcf-v2-sources-418458858405-us-central1","object":"api/function-source.zip","generation":"1776622638849098"}},"dockerRegistry":"ARTIFACT_REGISTRY","serviceAccount":"projects/doubly-messenging/serviceAccounts/418458858405-compute@developer.gserviceaccount.com","automaticUpdatePolicy":{}},"serviceConfig":{"service":"projects/doubly-messenging/locations/us-central1/services/api","timeoutSeconds":60,"environmentVariables":{"STRIPE_PUBLISHABLE_KEY":"pk_test_51Sw3IiPXfOAXW8GLOdcuuNYqiwjI0DemhmgGHgFgGpbN6ZnZL6pgZdZ6rWVSkzSUKExQQCqkYGYS1oLRSxF2qzc800EJF7JZNm","FIREBASE_CONFIG":"{\"projectId\":\"doubly-messenging\",\"databaseURL\":\"https://doubly-messenging-default-rtdb.firebaseio.com\",\"storageBucket\":\"doubly-messenging.firebasestorage.app\"}","GCLOUD_PROJECT":"doubly-messenging","EVENTARC_CLOUD_EVENT_SOURCE":"projects/doubly-messenging/locations/us-central1/services/api","FUNCTION_TARGET":"api","LOG_EXECUTION_ID":"true"},"ingressSettings":"ALLOW_ALL","uri":"https://api-2i5ml5nzlq-uc.a.run.app","serviceAccountEmail":"418458858405-compute@developer.gserviceaccount.com","availableMemory":"256Mi","allTrafficOnLatestRevision":true,"secretEnvironmentVariables":[{"key":"STRIPE_SECRET_KEY","projectId":"doubly-messenging","secret":"STRIPE_SECRET_KEY","version":"4"},{"key":"STRIPE_WEBHOOK_SECRET","projectId":"doubly-messenging","secret":"STRIPE_WEBHOOK_SECRET","version":"1"}],"revision":"api-00053-nax","maxInstanceRequestConcurrency":80,"availableCpu":"1"},"state":"ACTIVE","labels":{"deployment-tool":"cli-firebase","firebase-functions-hash":"c751a13885a878e63afa042200028302582851c5"},"environment":"GEN_2","url":"https://us-central1-doubly-messenging.cloudfunctions.net/api","satisfiesPzi":true},"stages":[{"name":"BUILD","message":"Build in progress","state":"IN_PROGRESS","resource":"projects/418458858405/locations/us-central1/builds/3aab275b-ebfa-4cb7-98e2-8e9661a17209","resourceUri":"https://console.cloud.google.com/cloud-build/builds;region=us-central1/3aab275b-ebfa-4cb7-98e2-8e9661a17209?project=418458858405"},{"name":"SERVICE","state":"NOT_STARTED"}],"operationType":"UPDATE_FUNCTION","buildName":"projects/418458858405/locations/us-central1/builds/3aab275b-ebfa-4cb7-98e2-8e9661a17209"},"done":false}
[debug] [2026-04-19T22:29:30.020Z] [update-default-us-central1-verifyEmailCode] Retrying task index 0
[debug] [2026-04-19T22:29:30.020Z] Checked if tokens are valid: true, expires at: 1776641155254
[debug] [2026-04-19T22:29:30.020Z] Checked if tokens are valid: true, expires at: 1776641155254
[debug] [2026-04-19T22:29:30.020Z] >>> [apiv2][query] GET https://cloudfunctions.googleapis.com/v2/projects/doubly-messenging/locations/us-central1/operations/operation-1776637732499-64fd7b4f0b149-e4033327-a825c3cf [none]
[debug] [2026-04-19T22:29:30.023Z] [update-default-us-central1-sendEmailVerificationCode] Retrying task index 0
[debug] [2026-04-19T22:29:30.023Z] Checked if tokens are valid: true, expires at: 1776641155254
[debug] [2026-04-19T22:29:30.023Z] Checked if tokens are valid: true, expires at: 1776641155254
[debug] [2026-04-19T22:29:30.023Z] >>> [apiv2][query] GET https://cloudfunctions.googleapis.com/v2/projects/doubly-messenging/locations/us-central1/operations/operation-1776637732429-64fd7b4ef9efa-f1c3175b-9b53b0d5 [none]
[debug] [2026-04-19T22:29:30.089Z] [update-default-us-central1-api] Retrying task index 0
[debug] [2026-04-19T22:29:30.089Z] Checked if tokens are valid: true, expires at: 1776641155254
[debug] [2026-04-19T22:29:30.089Z] Checked if tokens are valid: true, expires at: 1776641155254
[debug] [2026-04-19T22:29:30.089Z] >>> [apiv2][query] GET https://cloudfunctions.googleapis.com/v2/projects/doubly-messenging/locations/us-central1/operations/operation-1776637732483-64fd7b4f0708e-11e1690a-364ebe2b [none]
[debug] [2026-04-19T22:29:30.201Z] <<< [apiv2][status] GET https://cloudfunctions.googleapis.com/v2/projects/doubly-messenging/locations/us-central1/operations/operation-1776637732499-64fd7b4f0b149-e4033327-a825c3cf 200
[debug] [2026-04-19T22:29:30.202Z] <<< [apiv2][body] GET https://cloudfunctions.googleapis.com/v2/projects/doubly-messenging/locations/us-central1/operations/operation-1776637732499-64fd7b4f0b149-e4033327-a825c3cf {"name":"projects/doubly-messenging/locations/us-central1/operations/operation-1776637732499-64fd7b4f0b149-e4033327-a825c3cf","metadata":{"@type":"type.googleapis.com/google.cloud.functions.v2.OperationMetadata","createTime":"2026-04-19T22:28:53.342877178Z","target":"projects/doubly-messenging/locations/us-central1/functions/verifyEmailCode","verb":"update","cancelRequested":false,"apiVersion":"v2","requestResource":{"@type":"type.googleapis.com/google.cloud.functions.v2.Function","name":"projects/doubly-messenging/locations/us-central1/functions/verifyEmailCode","buildConfig":{"runtime":"nodejs24","entryPoint":"verifyEmailCode","source":{"storageSource":{"bucket":"gcf-v2-sources-418458858405-us-central1","object":"verifyEmailCode/function-source.zip","generation":"1776637733219062"}},"environmentVariables":{"GOOGLE_NODE_RUN_SCRIPTS":""},"dockerRepository":"projects/doubly-messenging/locations/us-central1/repositories/gcf-artifacts","sourceProvenance":{"resolvedStorageSource":{"bucket":"gcf-v2-sources-418458858405-us-central1","object":"verifyEmailCode/function-source.zip","generation":"1776622638835576"}},"dockerRegistry":"ARTIFACT_REGISTRY","serviceAccount":"projects/doubly-messenging/serviceAccounts/418458858405-compute@developer.gserviceaccount.com","automaticUpdatePolicy":{}},"serviceConfig":{"service":"projects/doubly-messenging/locations/us-central1/services/verifyemailcode","timeoutSeconds":60,"environmentVariables":{"STRIPE_PUBLISHABLE_KEY":"pk_test_51Sw3IiPXfOAXW8GLOdcuuNYqiwjI0DemhmgGHgFgGpbN6ZnZL6pgZdZ6rWVSkzSUKExQQCqkYGYS1oLRSxF2qzc800EJF7JZNm","FIREBASE_CONFIG":"{\"projectId\":\"doubly-messenging\",\"databaseURL\":\"https://doubly-messenging-default-rtdb.firebaseio.com\",\"storageBucket\":\"doubly-messenging.firebasestorage.app\"}","GCLOUD_PROJECT":"doubly-messenging","EVENTARC_CLOUD_EVENT_SOURCE":"projects/doubly-messenging/locations/us-central1/services/verifyEmailCode","FUNCTION_TARGET":"verifyEmailCode","LOG_EXECUTION_ID":"true"},"ingressSettings":"ALLOW_ALL","uri":"https://verifyemailcode-2i5ml5nzlq-uc.a.run.app","serviceAccountEmail":"418458858405-compute@developer.gserviceaccount.com","availableMemory":"256Mi","allTrafficOnLatestRevision":true,"revision":"verifyemailcode-00051-tah","maxInstanceRequestConcurrency":80,"availableCpu":"1"},"state":"ACTIVE","labels":{"deployment-tool":"cli-firebase","deployment-callable":"true","firebase-functions-hash":"30ecb0b240edf414fdc1d268af59f70fcd5e28ce"},"environment":"GEN_2","url":"https://us-central1-doubly-messenging.cloudfunctions.net/verifyEmailCode","satisfiesPzi":true},"stages":[{"name":"BUILD","message":"Build in progress","state":"IN_PROGRESS","resource":"projects/418458858405/locations/us-central1/builds/0b3f7b92-d258-4f50-8a09-2f425794c326","resourceUri":"https://console.cloud.google.com/cloud-build/builds;region=us-central1/0b3f7b92-d258-4f50-8a09-2f425794c326?project=418458858405"},{"name":"SERVICE","state":"NOT_STARTED"}],"operationType":"UPDATE_FUNCTION","buildName":"projects/418458858405/locations/us-central1/builds/0b3f7b92-d258-4f50-8a09-2f425794c326"},"done":false}
[debug] [2026-04-19T22:29:30.263Z] <<< [apiv2][status] GET https://cloudfunctions.googleapis.com/v2/projects/doubly-messenging/locations/us-central1/operations/operation-1776637732429-64fd7b4ef9efa-f1c3175b-9b53b0d5 200
[debug] [2026-04-19T22:29:30.263Z] <<< [apiv2][body] GET https://cloudfunctions.googleapis.com/v2/projects/doubly-messenging/locations/us-central1/operations/operation-1776637732429-64fd7b4ef9efa-f1c3175b-9b53b0d5 {"name":"projects/doubly-messenging/locations/us-central1/operations/operation-1776637732429-64fd7b4ef9efa-f1c3175b-9b53b0d5","metadata":{"@type":"type.googleapis.com/google.cloud.functions.v2.OperationMetadata","createTime":"2026-04-19T22:28:53.428603940Z","target":"projects/doubly-messenging/locations/us-central1/functions/sendEmailVerificationCode","verb":"update","cancelRequested":false,"apiVersion":"v2","requestResource":{"@type":"type.googleapis.com/google.cloud.functions.v2.Function","name":"projects/doubly-messenging/locations/us-central1/functions/sendEmailVerificationCode","buildConfig":{"runtime":"nodejs24","entryPoint":"sendEmailVerificationCode","source":{"storageSource":{"bucket":"gcf-v2-sources-418458858405-us-central1","object":"sendEmailVerificationCode/function-source.zip","generation":"1776637733381916"}},"environmentVariables":{"GOOGLE_NODE_RUN_SCRIPTS":""},"dockerRepository":"projects/doubly-messenging/locations/us-central1/repositories/gcf-artifacts","sourceProvenance":{"resolvedStorageSource":{"bucket":"gcf-v2-sources-418458858405-us-central1","object":"sendEmailVerificationCode/function-source.zip","generation":"1776622638527992"}},"dockerRegistry":"ARTIFACT_REGISTRY","serviceAccount":"projects/doubly-messenging/serviceAccounts/418458858405-compute@developer.gserviceaccount.com","automaticUpdatePolicy":{}},"serviceConfig":{"service":"projects/doubly-messenging/locations/us-central1/services/sendemailverificationcode","timeoutSeconds":60,"environmentVariables":{"STRIPE_PUBLISHABLE_KEY":"pk_test_51Sw3IiPXfOAXW8GLOdcuuNYqiwjI0DemhmgGHgFgGpbN6ZnZL6pgZdZ6rWVSkzSUKExQQCqkYGYS1oLRSxF2qzc800EJF7JZNm","FIREBASE_CONFIG":"{\"projectId\":\"doubly-messenging\",\"databaseURL\":\"https://doubly-messenging-default-rtdb.firebaseio.com\",\"storageBucket\":\"doubly-messenging.firebasestorage.app\"}","GCLOUD_PROJECT":"doubly-messenging","EVENTARC_CLOUD_EVENT_SOURCE":"projects/doubly-messenging/locations/us-central1/services/sendEmailVerificationCode","FUNCTION_TARGET":"sendEmailVerificationCode","LOG_EXECUTION_ID":"true"},"ingressSettings":"ALLOW_ALL","uri":"https://sendemailverificationcode-2i5ml5nzlq-uc.a.run.app","serviceAccountEmail":"418458858405-compute@developer.gserviceaccount.com","availableMemory":"256Mi","allTrafficOnLatestRevision":true,"revision":"sendemailverificationcode-00051-nur","maxInstanceRequestConcurrency":80,"availableCpu":"1"},"state":"ACTIVE","labels":{"deployment-tool":"cli-firebase","deployment-callable":"true","firebase-functions-hash":"30ecb0b240edf414fdc1d268af59f70fcd5e28ce"},"environment":"GEN_2","url":"https://us-central1-doubly-messenging.cloudfunctions.net/sendEmailVerificationCode","satisfiesPzi":true},"stages":[{"name":"BUILD","message":"Build in progress","state":"IN_PROGRESS","resource":"projects/418458858405/locations/us-central1/builds/3e862c3a-5cb7-41f7-9c3a-7dabf27fc83b","resourceUri":"https://console.cloud.google.com/cloud-build/builds;region=us-central1/3e862c3a-5cb7-41f7-9c3a-7dabf27fc83b?project=418458858405"},{"name":"SERVICE","state":"NOT_STARTED"}],"operationType":"UPDATE_FUNCTION","buildName":"projects/418458858405/locations/us-central1/builds/3e862c3a-5cb7-41f7-9c3a-7dabf27fc83b"},"done":false}
[debug] [2026-04-19T22:29:30.392Z] <<< [apiv2][status] GET https://cloudfunctions.googleapis.com/v2/projects/doubly-messenging/locations/us-central1/operations/operation-1776637732483-64fd7b4f0708e-11e1690a-364ebe2b 200
[debug] [2026-04-19T22:29:30.392Z] <<< [apiv2][body] GET https://cloudfunctions.googleapis.com/v2/projects/doubly-messenging/locations/us-central1/operations/operation-1776637732483-64fd7b4f0708e-11e1690a-364ebe2b {"name":"projects/doubly-messenging/locations/us-central1/operations/operation-1776637732483-64fd7b4f0708e-11e1690a-364ebe2b","metadata":{"@type":"type.googleapis.com/google.cloud.functions.v2.OperationMetadata","createTime":"2026-04-19T22:28:53.345836632Z","target":"projects/doubly-messenging/locations/us-central1/functions/api","verb":"update","cancelRequested":false,"apiVersion":"v2","requestResource":{"@type":"type.googleapis.com/google.cloud.functions.v2.Function","name":"projects/doubly-messenging/locations/us-central1/functions/api","buildConfig":{"runtime":"nodejs24","entryPoint":"api","source":{"storageSource":{"bucket":"gcf-v2-sources-418458858405-us-central1","object":"api/function-source.zip","generation":"1776637733208922"}},"environmentVariables":{"GOOGLE_NODE_RUN_SCRIPTS":""},"dockerRepository":"projects/doubly-messenging/locations/us-central1/repositories/gcf-artifacts","sourceProvenance":{"resolvedStorageSource":{"bucket":"gcf-v2-sources-418458858405-us-central1","object":"api/function-source.zip","generation":"1776622638849098"}},"dockerRegistry":"ARTIFACT_REGISTRY","serviceAccount":"projects/doubly-messenging/serviceAccounts/418458858405-compute@developer.gserviceaccount.com","automaticUpdatePolicy":{}},"serviceConfig":{"service":"projects/doubly-messenging/locations/us-central1/services/api","timeoutSeconds":60,"environmentVariables":{"STRIPE_PUBLISHABLE_KEY":"pk_test_51Sw3IiPXfOAXW8GLOdcuuNYqiwjI0DemhmgGHgFgGpbN6ZnZL6pgZdZ6rWVSkzSUKExQQCqkYGYS1oLRSxF2qzc800EJF7JZNm","FIREBASE_CONFIG":"{\"projectId\":\"doubly-messenging\",\"databaseURL\":\"https://doubly-messenging-default-rtdb.firebaseio.com\",\"storageBucket\":\"doubly-messenging.firebasestorage.app\"}","GCLOUD_PROJECT":"doubly-messenging","EVENTARC_CLOUD_EVENT_SOURCE":"projects/doubly-messenging/locations/us-central1/services/api","FUNCTION_TARGET":"api","LOG_EXECUTION_ID":"true"},"ingressSettings":"ALLOW_ALL","uri":"https://api-2i5ml5nzlq-uc.a.run.app","serviceAccountEmail":"418458858405-compute@developer.gserviceaccount.com","availableMemory":"256Mi","allTrafficOnLatestRevision":true,"secretEnvironmentVariables":[{"key":"STRIPE_SECRET_KEY","projectId":"doubly-messenging","secret":"STRIPE_SECRET_KEY","version":"4"},{"key":"STRIPE_WEBHOOK_SECRET","projectId":"doubly-messenging","secret":"STRIPE_WEBHOOK_SECRET","version":"1"}],"revision":"api-00053-nax","maxInstanceRequestConcurrency":80,"availableCpu":"1"},"state":"ACTIVE","labels":{"deployment-tool":"cli-firebase","firebase-functions-hash":"c751a13885a878e63afa042200028302582851c5"},"environment":"GEN_2","url":"https://us-central1-doubly-messenging.cloudfunctions.net/api","satisfiesPzi":true},"stages":[{"name":"BUILD","message":"Build in progress","state":"IN_PROGRESS","resource":"projects/418458858405/locations/us-central1/builds/3aab275b-ebfa-4cb7-98e2-8e9661a17209","resourceUri":"https://console.cloud.google.com/cloud-build/builds;region=us-central1/3aab275b-ebfa-4cb7-98e2-8e9661a17209?project=418458858405"},{"name":"SERVICE","state":"NOT_STARTED"}],"operationType":"UPDATE_FUNCTION","buildName":"projects/418458858405/locations/us-central1/builds/3aab275b-ebfa-4cb7-98e2-8e9661a17209"},"done":false}
[debug] [2026-04-19T22:29:38.823Z] [update-default-us-central1-verifyEmailCode] Retrying task index 0
[debug] [2026-04-19T22:29:38.823Z] Checked if tokens are valid: true, expires at: 1776641155254
[debug] [2026-04-19T22:29:38.823Z] Checked if tokens are valid: true, expires at: 1776641155254
[debug] [2026-04-19T22:29:38.824Z] >>> [apiv2][query] GET https://cloudfunctions.googleapis.com/v2/projects/doubly-messenging/locations/us-central1/operations/operation-1776637732499-64fd7b4f0b149-e4033327-a825c3cf [none]
[debug] [2026-04-19T22:29:38.825Z] [update-default-us-central1-sendEmailVerificationCode] Retrying task index 0
[debug] [2026-04-19T22:29:38.825Z] Checked if tokens are valid: true, expires at: 1776641155254
[debug] [2026-04-19T22:29:38.825Z] Checked if tokens are valid: true, expires at: 1776641155254
[debug] [2026-04-19T22:29:38.825Z] >>> [apiv2][query] GET https://cloudfunctions.googleapis.com/v2/projects/doubly-messenging/locations/us-central1/operations/operation-1776637732429-64fd7b4ef9efa-f1c3175b-9b53b0d5 [none]
[debug] [2026-04-19T22:29:38.941Z] [update-default-us-central1-api] Retrying task index 0
[debug] [2026-04-19T22:29:38.942Z] Checked if tokens are valid: true, expires at: 1776641155254
[debug] [2026-04-19T22:29:38.942Z] Checked if tokens are valid: true, expires at: 1776641155254
[debug] [2026-04-19T22:29:38.942Z] >>> [apiv2][query] GET https://cloudfunctions.googleapis.com/v2/projects/doubly-messenging/locations/us-central1/operations/operation-1776637732483-64fd7b4f0708e-11e1690a-364ebe2b [none]
[debug] [2026-04-19T22:29:39.127Z] <<< [apiv2][status] GET https://cloudfunctions.googleapis.com/v2/projects/doubly-messenging/locations/us-central1/operations/operation-1776637732429-64fd7b4ef9efa-f1c3175b-9b53b0d5 200
[debug] [2026-04-19T22:29:39.127Z] <<< [apiv2][body] GET https://cloudfunctions.googleapis.com/v2/projects/doubly-messenging/locations/us-central1/operations/operation-1776637732429-64fd7b4ef9efa-f1c3175b-9b53b0d5 {"name":"projects/doubly-messenging/locations/us-central1/operations/operation-1776637732429-64fd7b4ef9efa-f1c3175b-9b53b0d5","metadata":{"@type":"type.googleapis.com/google.cloud.functions.v2.OperationMetadata","createTime":"2026-04-19T22:28:53.428603940Z","target":"projects/doubly-messenging/locations/us-central1/functions/sendEmailVerificationCode","verb":"update","cancelRequested":false,"apiVersion":"v2","requestResource":{"@type":"type.googleapis.com/google.cloud.functions.v2.Function","name":"projects/doubly-messenging/locations/us-central1/functions/sendEmailVerificationCode","buildConfig":{"runtime":"nodejs24","entryPoint":"sendEmailVerificationCode","source":{"storageSource":{"bucket":"gcf-v2-sources-418458858405-us-central1","object":"sendEmailVerificationCode/function-source.zip","generation":"1776637733381916"}},"environmentVariables":{"GOOGLE_NODE_RUN_SCRIPTS":""},"dockerRepository":"projects/doubly-messenging/locations/us-central1/repositories/gcf-artifacts","sourceProvenance":{"resolvedStorageSource":{"bucket":"gcf-v2-sources-418458858405-us-central1","object":"sendEmailVerificationCode/function-source.zip","generation":"1776622638527992"}},"dockerRegistry":"ARTIFACT_REGISTRY","serviceAccount":"projects/doubly-messenging/serviceAccounts/418458858405-compute@developer.gserviceaccount.com","automaticUpdatePolicy":{}},"serviceConfig":{"service":"projects/doubly-messenging/locations/us-central1/services/sendemailverificationcode","timeoutSeconds":60,"environmentVariables":{"STRIPE_PUBLISHABLE_KEY":"pk_test_51Sw3IiPXfOAXW8GLOdcuuNYqiwjI0DemhmgGHgFgGpbN6ZnZL6pgZdZ6rWVSkzSUKExQQCqkYGYS1oLRSxF2qzc800EJF7JZNm","FIREBASE_CONFIG":"{\"projectId\":\"doubly-messenging\",\"databaseURL\":\"https://doubly-messenging-default-rtdb.firebaseio.com\",\"storageBucket\":\"doubly-messenging.firebasestorage.app\"}","GCLOUD_PROJECT":"doubly-messenging","EVENTARC_CLOUD_EVENT_SOURCE":"projects/doubly-messenging/locations/us-central1/services/sendEmailVerificationCode","FUNCTION_TARGET":"sendEmailVerificationCode","LOG_EXECUTION_ID":"true"},"ingressSettings":"ALLOW_ALL","uri":"https://sendemailverificationcode-2i5ml5nzlq-uc.a.run.app","serviceAccountEmail":"418458858405-compute@developer.gserviceaccount.com","availableMemory":"256Mi","allTrafficOnLatestRevision":true,"revision":"sendemailverificationcode-00051-nur","maxInstanceRequestConcurrency":80,"availableCpu":"1"},"state":"ACTIVE","labels":{"deployment-tool":"cli-firebase","deployment-callable":"true","firebase-functions-hash":"30ecb0b240edf414fdc1d268af59f70fcd5e28ce"},"environment":"GEN_2","url":"https://us-central1-doubly-messenging.cloudfunctions.net/sendEmailVerificationCode","satisfiesPzi":true},"stages":[{"name":"BUILD","message":"Build in progress","state":"IN_PROGRESS","resource":"projects/418458858405/locations/us-central1/builds/3e862c3a-5cb7-41f7-9c3a-7dabf27fc83b","resourceUri":"https://console.cloud.google.com/cloud-build/builds;region=us-central1/3e862c3a-5cb7-41f7-9c3a-7dabf27fc83b?project=418458858405"},{"name":"SERVICE","state":"NOT_STARTED"}],"operationType":"UPDATE_FUNCTION","buildName":"projects/418458858405/locations/us-central1/builds/3e862c3a-5cb7-41f7-9c3a-7dabf27fc83b"},"done":false}
[debug] [2026-04-19T22:29:39.140Z] <<< [apiv2][status] GET https://cloudfunctions.googleapis.com/v2/projects/doubly-messenging/locations/us-central1/operations/operation-1776637732499-64fd7b4f0b149-e4033327-a825c3cf 200
[debug] [2026-04-19T22:29:39.141Z] <<< [apiv2][body] GET https://cloudfunctions.googleapis.com/v2/projects/doubly-messenging/locations/us-central1/operations/operation-1776637732499-64fd7b4f0b149-e4033327-a825c3cf {"name":"projects/doubly-messenging/locations/us-central1/operations/operation-1776637732499-64fd7b4f0b149-e4033327-a825c3cf","metadata":{"@type":"type.googleapis.com/google.cloud.functions.v2.OperationMetadata","createTime":"2026-04-19T22:28:53.342877178Z","target":"projects/doubly-messenging/locations/us-central1/functions/verifyEmailCode","verb":"update","cancelRequested":false,"apiVersion":"v2","requestResource":{"@type":"type.googleapis.com/google.cloud.functions.v2.Function","name":"projects/doubly-messenging/locations/us-central1/functions/verifyEmailCode","buildConfig":{"runtime":"nodejs24","entryPoint":"verifyEmailCode","source":{"storageSource":{"bucket":"gcf-v2-sources-418458858405-us-central1","object":"verifyEmailCode/function-source.zip","generation":"1776637733219062"}},"environmentVariables":{"GOOGLE_NODE_RUN_SCRIPTS":""},"dockerRepository":"projects/doubly-messenging/locations/us-central1/repositories/gcf-artifacts","sourceProvenance":{"resolvedStorageSource":{"bucket":"gcf-v2-sources-418458858405-us-central1","object":"verifyEmailCode/function-source.zip","generation":"1776622638835576"}},"dockerRegistry":"ARTIFACT_REGISTRY","serviceAccount":"projects/doubly-messenging/serviceAccounts/418458858405-compute@developer.gserviceaccount.com","automaticUpdatePolicy":{}},"serviceConfig":{"service":"projects/doubly-messenging/locations/us-central1/services/verifyemailcode","timeoutSeconds":60,"environmentVariables":{"STRIPE_PUBLISHABLE_KEY":"pk_test_51Sw3IiPXfOAXW8GLOdcuuNYqiwjI0DemhmgGHgFgGpbN6ZnZL6pgZdZ6rWVSkzSUKExQQCqkYGYS1oLRSxF2qzc800EJF7JZNm","FIREBASE_CONFIG":"{\"projectId\":\"doubly-messenging\",\"databaseURL\":\"https://doubly-messenging-default-rtdb.firebaseio.com\",\"storageBucket\":\"doubly-messenging.firebasestorage.app\"}","GCLOUD_PROJECT":"doubly-messenging","EVENTARC_CLOUD_EVENT_SOURCE":"projects/doubly-messenging/locations/us-central1/services/verifyEmailCode","FUNCTION_TARGET":"verifyEmailCode","LOG_EXECUTION_ID":"true"},"ingressSettings":"ALLOW_ALL","uri":"https://verifyemailcode-2i5ml5nzlq-uc.a.run.app","serviceAccountEmail":"418458858405-compute@developer.gserviceaccount.com","availableMemory":"256Mi","allTrafficOnLatestRevision":true,"revision":"verifyemailcode-00051-tah","maxInstanceRequestConcurrency":80,"availableCpu":"1"},"state":"ACTIVE","labels":{"deployment-tool":"cli-firebase","deployment-callable":"true","firebase-functions-hash":"30ecb0b240edf414fdc1d268af59f70fcd5e28ce"},"environment":"GEN_2","url":"https://us-central1-doubly-messenging.cloudfunctions.net/verifyEmailCode","satisfiesPzi":true},"stages":[{"name":"BUILD","message":"Build in progress","state":"IN_PROGRESS","resource":"projects/418458858405/locations/us-central1/builds/0b3f7b92-d258-4f50-8a09-2f425794c326","resourceUri":"https://console.cloud.google.com/cloud-build/builds;region=us-central1/0b3f7b92-d258-4f50-8a09-2f425794c326?project=418458858405"},{"name":"SERVICE","state":"NOT_STARTED"}],"operationType":"UPDATE_FUNCTION","buildName":"projects/418458858405/locations/us-central1/builds/0b3f7b92-d258-4f50-8a09-2f425794c326"},"done":false}
[debug] [2026-04-19T22:29:39.255Z] <<< [apiv2][status] GET https://cloudfunctions.googleapis.com/v2/projects/doubly-messenging/locations/us-central1/operations/operation-1776637732483-64fd7b4f0708e-11e1690a-364ebe2b 200
[debug] [2026-04-19T22:29:39.255Z] <<< [apiv2][body] GET https://cloudfunctions.googleapis.com/v2/projects/doubly-messenging/locations/us-central1/operations/operation-1776637732483-64fd7b4f0708e-11e1690a-364ebe2b {"name":"projects/doubly-messenging/locations/us-central1/operations/operation-1776637732483-64fd7b4f0708e-11e1690a-364ebe2b","metadata":{"@type":"type.googleapis.com/google.cloud.functions.v2.OperationMetadata","createTime":"2026-04-19T22:28:53.345836632Z","endTime":"2026-04-19T22:29:35.094718702Z","target":"projects/doubly-messenging/locations/us-central1/functions/api","verb":"update","cancelRequested":false,"apiVersion":"v2","requestResource":{"@type":"type.googleapis.com/google.cloud.functions.v2.Function","name":"projects/doubly-messenging/locations/us-central1/functions/api","buildConfig":{"runtime":"nodejs24","entryPoint":"api","source":{"storageSource":{"bucket":"gcf-v2-sources-418458858405-us-central1","object":"api/function-source.zip","generation":"1776637733208922"}},"environmentVariables":{"GOOGLE_NODE_RUN_SCRIPTS":""},"dockerRepository":"projects/doubly-messenging/locations/us-central1/repositories/gcf-artifacts","sourceProvenance":{"resolvedStorageSource":{"bucket":"gcf-v2-sources-418458858405-us-central1","object":"api/function-source.zip","generation":"1776622638849098"}},"dockerRegistry":"ARTIFACT_REGISTRY","serviceAccount":"projects/doubly-messenging/serviceAccounts/418458858405-compute@developer.gserviceaccount.com","automaticUpdatePolicy":{}},"serviceConfig":{"service":"projects/doubly-messenging/locations/us-central1/services/api","timeoutSeconds":60,"environmentVariables":{"STRIPE_PUBLISHABLE_KEY":"pk_test_51Sw3IiPXfOAXW8GLOdcuuNYqiwjI0DemhmgGHgFgGpbN6ZnZL6pgZdZ6rWVSkzSUKExQQCqkYGYS1oLRSxF2qzc800EJF7JZNm","FIREBASE_CONFIG":"{\"projectId\":\"doubly-messenging\",\"databaseURL\":\"https://doubly-messenging-default-rtdb.firebaseio.com\",\"storageBucket\":\"doubly-messenging.firebasestorage.app\"}","GCLOUD_PROJECT":"doubly-messenging","EVENTARC_CLOUD_EVENT_SOURCE":"projects/doubly-messenging/locations/us-central1/services/api","FUNCTION_TARGET":"api","LOG_EXECUTION_ID":"true"},"ingressSettings":"ALLOW_ALL","uri":"https://api-2i5ml5nzlq-uc.a.run.app","serviceAccountEmail":"418458858405-compute@developer.gserviceaccount.com","availableMemory":"256Mi","allTrafficOnLatestRevision":true,"secretEnvironmentVariables":[{"key":"STRIPE_SECRET_KEY","projectId":"doubly-messenging","secret":"STRIPE_SECRET_KEY","version":"4"},{"key":"STRIPE_WEBHOOK_SECRET","projectId":"doubly-messenging","secret":"STRIPE_WEBHOOK_SECRET","version":"1"}],"revision":"api-00053-nax","maxInstanceRequestConcurrency":80,"availableCpu":"1"},"state":"ACTIVE","labels":{"deployment-tool":"cli-firebase","firebase-functions-hash":"c751a13885a878e63afa042200028302582851c5"},"environment":"GEN_2","url":"https://us-central1-doubly-messenging.cloudfunctions.net/api","satisfiesPzi":true},"stages":[{"name":"SERVICE","state":"NOT_STARTED"}],"operationType":"UPDATE_FUNCTION"},"done":true,"error":{"code":3,"message":"Build failed with status: FAILURE and message: npm error code ERESOLVE\nnpm error ERESOLVE could not resolve\nnpm error\nnpm error While resolving: firebase-functions@4.9.0\nnpm error Found: firebase-admin@13.8.0\nnpm error node_modules/firebase-admin\nnpm error   firebase-admin@\"^13.8.0\" from the root project\nnpm error\nnpm error Could not resolve dependency:\nnpm error peer firebase-admin@\"^10.0.0 || ^11.0.0 || ^12.0.0\" from firebase-functions@4.9.0\nnpm error node_modules/firebase-functions\nnpm error   firebase-functions@\"^4.9.0\" from the root project\nnpm error\nnpm error Conflicting peer dependency: firebase-admin@12.7.0\nnpm error node_modules/firebase-admin\nnpm error   peer firebase-admin@\"^10.0.0 || ^11.0.0 || ^12.0.0\" from firebase-functions@4.9.0\nnpm error   node_modules/firebase-functions\nnpm error     firebase-functions@\"^4.9.0\" from the root project\nnpm error\nnpm error Fix the upstream dependency conflict, or retry\nnpm error this command with --force or --legacy-peer-deps\nnpm error to accept an incorrect (and potentially broken) dependency resolution.\nnpm error\nnpm error\nnpm error For a full report see:\nnpm error /www-data-home/.npm/_logs/2026-04-19T22_29_13_240Z-eresolve-report.txt\nnpm error A complete log of this run can be found in: /www-data-home/.npm/_logs/2026-04-19T22_29_13_240Z-debug-0.log. For more details see the logs at https://console.cloud.google.com/cloud-build/builds;region=us-central1/3aab275b-ebfa-4cb7-98e2-8e9661a17209?project=418458858405."}}
[debug] [2026-04-19T22:29:39.255Z] Got source token undefined for region us-central1
[error] Build failed with status: FAILURE and message: npm error code ERESOLVE
npm error ERESOLVE could not resolve
npm error
npm error While resolving: firebase-functions@4.9.0
npm error Found: firebase-admin@13.8.0
npm error node_modules/firebase-admin
npm error   firebase-admin@"^13.8.0" from the root project
npm error
npm error Could not resolve dependency:
npm error peer firebase-admin@"^10.0.0 || ^11.0.0 || ^12.0.0" from firebase-functions@4.9.0
npm error node_modules/firebase-functions
npm error   firebase-functions@"^4.9.0" from the root project
npm error
npm error Conflicting peer dependency: firebase-admin@12.7.0
npm error node_modules/firebase-admin
npm error   peer firebase-admin@"^10.0.0 || ^11.0.0 || ^12.0.0" from firebase-functions@4.9.0
npm error   node_modules/firebase-functions
npm error     firebase-functions@"^4.9.0" from the root project
npm error
npm error Fix the upstream dependency conflict, or retry
npm error this command with --force or --legacy-peer-deps
npm error to accept an incorrect (and potentially broken) dependency resolution.
npm error
npm error
npm error For a full report see:
npm error /www-data-home/.npm/_logs/2026-04-19T22_29_13_240Z-eresolve-report.txt
npm error A complete log of this run can be found in: /www-data-home/.npm/_logs/2026-04-19T22_29_13_240Z-debug-0.log. For more details see the logs at https://console.cloud.google.com/cloud-build/builds;region=us-central1/3aab275b-ebfa-4cb7-98e2-8e9661a17209?project=418458858405.
[debug] [2026-04-19T22:29:49.318Z] [update-default-us-central1-sendEmailVerificationCode] Retrying task index 0
[debug] [2026-04-19T22:29:49.318Z] Checked if tokens are valid: true, expires at: 1776641155254
[debug] [2026-04-19T22:29:49.318Z] Checked if tokens are valid: true, expires at: 1776641155254
[debug] [2026-04-19T22:29:49.318Z] >>> [apiv2][query] GET https://cloudfunctions.googleapis.com/v2/projects/doubly-messenging/locations/us-central1/operations/operation-1776637732429-64fd7b4ef9efa-f1c3175b-9b53b0d5 [none]
[debug] [2026-04-19T22:29:49.320Z] [update-default-us-central1-verifyEmailCode] Retrying task index 0
[debug] [2026-04-19T22:29:49.320Z] Checked if tokens are valid: true, expires at: 1776641155254
[debug] [2026-04-19T22:29:49.320Z] Checked if tokens are valid: true, expires at: 1776641155254
[debug] [2026-04-19T22:29:49.320Z] >>> [apiv2][query] GET https://cloudfunctions.googleapis.com/v2/projects/doubly-messenging/locations/us-central1/operations/operation-1776637732499-64fd7b4f0b149-e4033327-a825c3cf [none]
[debug] [2026-04-19T22:29:49.512Z] <<< [apiv2][status] GET https://cloudfunctions.googleapis.com/v2/projects/doubly-messenging/locations/us-central1/operations/operation-1776637732429-64fd7b4ef9efa-f1c3175b-9b53b0d5 200
[debug] [2026-04-19T22:29:49.513Z] <<< [apiv2][body] GET https://cloudfunctions.googleapis.com/v2/projects/doubly-messenging/locations/us-central1/operations/operation-1776637732429-64fd7b4ef9efa-f1c3175b-9b53b0d5 {"name":"projects/doubly-messenging/locations/us-central1/operations/operation-1776637732429-64fd7b4ef9efa-f1c3175b-9b53b0d5","metadata":{"@type":"type.googleapis.com/google.cloud.functions.v2.OperationMetadata","createTime":"2026-04-19T22:28:53.428603940Z","endTime":"2026-04-19T22:29:47.668336297Z","target":"projects/doubly-messenging/locations/us-central1/functions/sendEmailVerificationCode","verb":"update","cancelRequested":false,"apiVersion":"v2","requestResource":{"@type":"type.googleapis.com/google.cloud.functions.v2.Function","name":"projects/doubly-messenging/locations/us-central1/functions/sendEmailVerificationCode","buildConfig":{"runtime":"nodejs24","entryPoint":"sendEmailVerificationCode","source":{"storageSource":{"bucket":"gcf-v2-sources-418458858405-us-central1","object":"sendEmailVerificationCode/function-source.zip","generation":"1776637733381916"}},"environmentVariables":{"GOOGLE_NODE_RUN_SCRIPTS":""},"dockerRepository":"projects/doubly-messenging/locations/us-central1/repositories/gcf-artifacts","sourceProvenance":{"resolvedStorageSource":{"bucket":"gcf-v2-sources-418458858405-us-central1","object":"sendEmailVerificationCode/function-source.zip","generation":"1776622638527992"}},"dockerRegistry":"ARTIFACT_REGISTRY","serviceAccount":"projects/doubly-messenging/serviceAccounts/418458858405-compute@developer.gserviceaccount.com","automaticUpdatePolicy":{}},"serviceConfig":{"service":"projects/doubly-messenging/locations/us-central1/services/sendemailverificationcode","timeoutSeconds":60,"environmentVariables":{"STRIPE_PUBLISHABLE_KEY":"pk_test_51Sw3IiPXfOAXW8GLOdcuuNYqiwjI0DemhmgGHgFgGpbN6ZnZL6pgZdZ6rWVSkzSUKExQQCqkYGYS1oLRSxF2qzc800EJF7JZNm","FIREBASE_CONFIG":"{\"projectId\":\"doubly-messenging\",\"databaseURL\":\"https://doubly-messenging-default-rtdb.firebaseio.com\",\"storageBucket\":\"doubly-messenging.firebasestorage.app\"}","GCLOUD_PROJECT":"doubly-messenging","EVENTARC_CLOUD_EVENT_SOURCE":"projects/doubly-messenging/locations/us-central1/services/sendEmailVerificationCode","FUNCTION_TARGET":"sendEmailVerificationCode","LOG_EXECUTION_ID":"true"},"ingressSettings":"ALLOW_ALL","uri":"https://sendemailverificationcode-2i5ml5nzlq-uc.a.run.app","serviceAccountEmail":"418458858405-compute@developer.gserviceaccount.com","availableMemory":"256Mi","allTrafficOnLatestRevision":true,"revision":"sendemailverificationcode-00051-nur","maxInstanceRequestConcurrency":80,"availableCpu":"1"},"state":"ACTIVE","labels":{"deployment-tool":"cli-firebase","deployment-callable":"true","firebase-functions-hash":"30ecb0b240edf414fdc1d268af59f70fcd5e28ce"},"environment":"GEN_2","url":"https://us-central1-doubly-messenging.cloudfunctions.net/sendEmailVerificationCode","satisfiesPzi":true},"stages":[{"name":"SERVICE","state":"NOT_STARTED"}],"operationType":"UPDATE_FUNCTION"},"done":true,"error":{"code":3,"message":"Build failed with status: FAILURE and message: npm error code ERESOLVE\nnpm error ERESOLVE could not resolve\nnpm error\nnpm error While resolving: firebase-functions@4.9.0\nnpm error Found: firebase-admin@13.8.0\nnpm error node_modules/firebase-admin\nnpm error   firebase-admin@\"^13.8.0\" from the root project\nnpm error\nnpm error Could not resolve dependency:\nnpm error peer firebase-admin@\"^10.0.0 || ^11.0.0 || ^12.0.0\" from firebase-functions@4.9.0\nnpm error node_modules/firebase-functions\nnpm error   firebase-functions@\"^4.9.0\" from the root project\nnpm error\nnpm error Conflicting peer dependency: firebase-admin@12.7.0\nnpm error node_modules/firebase-admin\nnpm error   peer firebase-admin@\"^10.0.0 || ^11.0.0 || ^12.0.0\" from firebase-functions@4.9.0\nnpm error   node_modules/firebase-functions\nnpm error     firebase-functions@\"^4.9.0\" from the root project\nnpm error\nnpm error Fix the upstream dependency conflict, or retry\nnpm error this command with --force or --legacy-peer-deps\nnpm error to accept an incorrect (and potentially broken) dependency resolution.\nnpm error\nnpm error\nnpm error For a full report see:\nnpm error /www-data-home/.npm/_logs/2026-04-19T22_29_16_763Z-eresolve-report.txt\nnpm error A complete log of this run can be found in: /www-data-home/.npm/_logs/2026-04-19T22_29_16_763Z-debug-0.log. For more details see the logs at https://console.cloud.google.com/cloud-build/builds;region=us-central1/3e862c3a-5cb7-41f7-9c3a-7dabf27fc83b?project=418458858405."}}
[debug] [2026-04-19T22:29:49.513Z] Got source token undefined for region us-central1
[error] Build failed with status: FAILURE and message: npm error code ERESOLVE
npm error ERESOLVE could not resolve
npm error
npm error While resolving: firebase-functions@4.9.0
npm error Found: firebase-admin@13.8.0
npm error node_modules/firebase-admin
npm error   firebase-admin@"^13.8.0" from the root project
npm error
npm error Could not resolve dependency:
npm error peer firebase-admin@"^10.0.0 || ^11.0.0 || ^12.0.0" from firebase-functions@4.9.0
npm error node_modules/firebase-functions
npm error   firebase-functions@"^4.9.0" from the root project
npm error
npm error Conflicting peer dependency: firebase-admin@12.7.0
npm error node_modules/firebase-admin
npm error   peer firebase-admin@"^10.0.0 || ^11.0.0 || ^12.0.0" from firebase-functions@4.9.0
npm error   node_modules/firebase-functions
npm error     firebase-functions@"^4.9.0" from the root project
npm error
npm error Fix the upstream dependency conflict, or retry
npm error this command with --force or --legacy-peer-deps
npm error to accept an incorrect (and potentially broken) dependency resolution.
npm error
npm error
npm error For a full report see:
npm error /www-data-home/.npm/_logs/2026-04-19T22_29_16_763Z-eresolve-report.txt
npm error A complete log of this run can be found in: /www-data-home/.npm/_logs/2026-04-19T22_29_16_763Z-debug-0.log. For more details see the logs at https://console.cloud.google.com/cloud-build/builds;region=us-central1/3e862c3a-5cb7-41f7-9c3a-7dabf27fc83b?project=418458858405.
[debug] [2026-04-19T22:29:49.628Z] <<< [apiv2][status] GET https://cloudfunctions.googleapis.com/v2/projects/doubly-messenging/locations/us-central1/operations/operation-1776637732499-64fd7b4f0b149-e4033327-a825c3cf 200
[debug] [2026-04-19T22:29:49.628Z] <<< [apiv2][body] GET https://cloudfunctions.googleapis.com/v2/projects/doubly-messenging/locations/us-central1/operations/operation-1776637732499-64fd7b4f0b149-e4033327-a825c3cf {"name":"projects/doubly-messenging/locations/us-central1/operations/operation-1776637732499-64fd7b4f0b149-e4033327-a825c3cf","metadata":{"@type":"type.googleapis.com/google.cloud.functions.v2.OperationMetadata","createTime":"2026-04-19T22:28:53.342877178Z","endTime":"2026-04-19T22:29:41.957676583Z","target":"projects/doubly-messenging/locations/us-central1/functions/verifyEmailCode","verb":"update","cancelRequested":false,"apiVersion":"v2","requestResource":{"@type":"type.googleapis.com/google.cloud.functions.v2.Function","name":"projects/doubly-messenging/locations/us-central1/functions/verifyEmailCode","buildConfig":{"runtime":"nodejs24","entryPoint":"verifyEmailCode","source":{"storageSource":{"bucket":"gcf-v2-sources-418458858405-us-central1","object":"verifyEmailCode/function-source.zip","generation":"1776637733219062"}},"environmentVariables":{"GOOGLE_NODE_RUN_SCRIPTS":""},"dockerRepository":"projects/doubly-messenging/locations/us-central1/repositories/gcf-artifacts","sourceProvenance":{"resolvedStorageSource":{"bucket":"gcf-v2-sources-418458858405-us-central1","object":"verifyEmailCode/function-source.zip","generation":"1776622638835576"}},"dockerRegistry":"ARTIFACT_REGISTRY","serviceAccount":"projects/doubly-messenging/serviceAccounts/418458858405-compute@developer.gserviceaccount.com","automaticUpdatePolicy":{}},"serviceConfig":{"service":"projects/doubly-messenging/locations/us-central1/services/verifyemailcode","timeoutSeconds":60,"environmentVariables":{"STRIPE_PUBLISHABLE_KEY":"pk_test_51Sw3IiPXfOAXW8GLOdcuuNYqiwjI0DemhmgGHgFgGpbN6ZnZL6pgZdZ6rWVSkzSUKExQQCqkYGYS1oLRSxF2qzc800EJF7JZNm","FIREBASE_CONFIG":"{\"projectId\":\"doubly-messenging\",\"databaseURL\":\"https://doubly-messenging-default-rtdb.firebaseio.com\",\"storageBucket\":\"doubly-messenging.firebasestorage.app\"}","GCLOUD_PROJECT":"doubly-messenging","EVENTARC_CLOUD_EVENT_SOURCE":"projects/doubly-messenging/locations/us-central1/services/verifyEmailCode","FUNCTION_TARGET":"verifyEmailCode","LOG_EXECUTION_ID":"true"},"ingressSettings":"ALLOW_ALL","uri":"https://verifyemailcode-2i5ml5nzlq-uc.a.run.app","serviceAccountEmail":"418458858405-compute@developer.gserviceaccount.com","availableMemory":"256Mi","allTrafficOnLatestRevision":true,"revision":"verifyemailcode-00051-tah","maxInstanceRequestConcurrency":80,"availableCpu":"1"},"state":"ACTIVE","labels":{"deployment-tool":"cli-firebase","deployment-callable":"true","firebase-functions-hash":"30ecb0b240edf414fdc1d268af59f70fcd5e28ce"},"environment":"GEN_2","url":"https://us-central1-doubly-messenging.cloudfunctions.net/verifyEmailCode","satisfiesPzi":true},"stages":[{"name":"SERVICE","state":"NOT_STARTED"}],"operationType":"UPDATE_FUNCTION"},"done":true,"error":{"code":3,"message":"Build failed with status: FAILURE and message: npm error code ERESOLVE\nnpm error ERESOLVE could not resolve\nnpm error\nnpm error While resolving: firebase-functions@4.9.0\nnpm error Found: firebase-admin@13.8.0\nnpm error node_modules/firebase-admin\nnpm error   firebase-admin@\"^13.8.0\" from the root project\nnpm error\nnpm error Could not resolve dependency:\nnpm error peer firebase-admin@\"^10.0.0 || ^11.0.0 || ^12.0.0\" from firebase-functions@4.9.0\nnpm error node_modules/firebase-functions\nnpm error   firebase-functions@\"^4.9.0\" from the root project\nnpm error\nnpm error Conflicting peer dependency: firebase-admin@12.7.0\nnpm error node_modules/firebase-admin\nnpm error   peer firebase-admin@\"^10.0.0 || ^11.0.0 || ^12.0.0\" from firebase-functions@4.9.0\nnpm error   node_modules/firebase-functions\nnpm error     firebase-functions@\"^4.9.0\" from the root project\nnpm error\nnpm error Fix the upstream dependency conflict, or retry\nnpm error this command with --force or --legacy-peer-deps\nnpm error to accept an incorrect (and potentially broken) dependency resolution.\nnpm error\nnpm error\nnpm error For a full report see:\nnpm error /www-data-home/.npm/_logs/2026-04-19T22_29_14_463Z-eresolve-report.txt\nnpm error A complete log of this run can be found in: /www-data-home/.npm/_logs/2026-04-19T22_29_14_463Z-debug-0.log. For more details see the logs at https://console.cloud.google.com/cloud-build/builds;region=us-central1/0b3f7b92-d258-4f50-8a09-2f425794c326?project=418458858405."}}
[debug] [2026-04-19T22:29:49.628Z] Got source token undefined for region us-central1
[error] Build failed with status: FAILURE and message: npm error code ERESOLVE
npm error ERESOLVE could not resolve
npm error
npm error While resolving: firebase-functions@4.9.0
npm error Found: firebase-admin@13.8.0
npm error node_modules/firebase-admin
npm error   firebase-admin@"^13.8.0" from the root project
npm error
npm error Could not resolve dependency:
npm error peer firebase-admin@"^10.0.0 || ^11.0.0 || ^12.0.0" from firebase-functions@4.9.0
npm error node_modules/firebase-functions
npm error   firebase-functions@"^4.9.0" from the root project
npm error
npm error Conflicting peer dependency: firebase-admin@12.7.0
npm error node_modules/firebase-admin
npm error   peer firebase-admin@"^10.0.0 || ^11.0.0 || ^12.0.0" from firebase-functions@4.9.0
npm error   node_modules/firebase-functions
npm error     firebase-functions@"^4.9.0" from the root project
npm error
npm error Fix the upstream dependency conflict, or retry
npm error this command with --force or --legacy-peer-deps
npm error to accept an incorrect (and potentially broken) dependency resolution.
npm error
npm error
npm error For a full report see:
npm error /www-data-home/.npm/_logs/2026-04-19T22_29_14_463Z-eresolve-report.txt
npm error A complete log of this run can be found in: /www-data-home/.npm/_logs/2026-04-19T22_29_14_463Z-debug-0.log. For more details see the logs at https://console.cloud.google.com/cloud-build/builds;region=us-central1/0b3f7b92-d258-4f50-8a09-2f425794c326?project=418458858405.
[debug] [2026-04-19T22:29:49.630Z] Total Function Deployment time: 59537
[debug] [2026-04-19T22:29:49.630Z] 3 Functions Deployed
[debug] [2026-04-19T22:29:49.630Z] 3 Functions Errored
[debug] [2026-04-19T22:29:49.630Z] 0 Function Deployments Aborted
[debug] [2026-04-19T22:29:49.630Z] Average Function Deployment time: 56040.333333333336
[info] 
[info] Functions deploy had errors with the following functions:
	api(us-central1)
	sendEmailVerificationCode(us-central1)
	verifyEmailCode(us-central1)
[debug] [2026-04-19T22:29:49.631Z] Not printing URL for HTTPS function. Typically this means it didn't match a filter or we failed deployment
[debug] [2026-04-19T22:29:49.631Z] Checked if tokens are valid: true, expires at: 1776641155254
[debug] [2026-04-19T22:29:49.631Z] Checked if tokens are valid: true, expires at: 1776641155254
[debug] [2026-04-19T22:29:49.631Z] >>> [apiv2][query] GET https://artifactregistry.googleapis.com/v1/projects/doubly-messenging/locations/us-central1/repositories/gcf-artifacts [none]
[debug] [2026-04-19T22:29:49.989Z] <<< [apiv2][status] GET https://artifactregistry.googleapis.com/v1/projects/doubly-messenging/locations/us-central1/repositories/gcf-artifacts 200
[debug] [2026-04-19T22:29:49.990Z] <<< [apiv2][body] GET https://artifactregistry.googleapis.com/v1/projects/doubly-messenging/locations/us-central1/repositories/gcf-artifacts {"name":"projects/doubly-messenging/locations/us-central1/repositories/gcf-artifacts","format":"DOCKER","description":"This repository is created and used by Cloud Functions for storing function docker images.","labels":{"goog-managed-by":"cloudfunctions"},"createTime":"2025-12-30T00:29:55.088299Z","updateTime":"2026-04-19T19:54:24.688602Z","mode":"STANDARD_REPOSITORY","cleanupPolicies":{"firebase-functions-cleanup":{"id":"firebase-functions-cleanup","action":"DELETE","condition":{"tagState":"ANY","olderThan":"86400s"}}},"sizeBytes":"347026123","vulnerabilityScanningConfig":{"lastEnableTime":"2025-12-30T00:29:46.700433064Z","enablementState":"SCANNING_DISABLED","enablementStateReason":"API containerscanning.googleapis.com is not enabled."},"satisfiesPzi":true,"registryUri":"us-central1-docker.pkg.dev/doubly-messenging/gcf-artifacts"}
[debug] [2026-04-19T22:29:49.990Z] Functions deploy failed.
[debug] [2026-04-19T22:29:49.990Z] {
  "endpoint": {
    "id": "api",
    "project": "doubly-messenging",
    "region": "us-central1",
    "entryPoint": "api",
    "platform": "gcfv2",
    "runtime": "nodejs24",
    "httpsTrigger": {},
    "labels": {
      "deployment-tool": "cli-firebase"
    },
    "secretEnvironmentVariables": [
      {
        "key": "STRIPE_SECRET_KEY",
        "secret": "STRIPE_SECRET_KEY",
        "projectId": "doubly-messenging",
        "version": "4"
      },
      {
        "key": "STRIPE_WEBHOOK_SECRET",
        "secret": "STRIPE_WEBHOOK_SECRET",
        "projectId": "doubly-messenging",
        "version": "1"
      }
    ],
    "serviceAccount": null,
    "ingressSettings": null,
    "availableMemoryMb": null,
    "timeoutSeconds": null,
    "maxInstances": null,
    "minInstances": null,
    "concurrency": 80,
    "vpc": null,
    "environmentVariables": {
      "STRIPE_PUBLISHABLE_KEY": "pk_test_51Sw3IiPXfOAXW8GLOdcuuNYqiwjI0DemhmgGHgFgGpbN6ZnZL6pgZdZ6rWVSkzSUKExQQCqkYGYS1oLRSxF2qzc800EJF7JZNm",
      "FIREBASE_CONFIG": "{\"projectId\":\"doubly-messenging\",\"databaseURL\":\"https://doubly-messenging-default-rtdb.firebaseio.com\",\"storageBucket\":\"doubly-messenging.firebasestorage.app\"}",
      "GCLOUD_PROJECT": "doubly-messenging",
      "EVENTARC_CLOUD_EVENT_SOURCE": "projects/doubly-messenging/locations/us-central1/services/api"
    },
    "codebase": "default",
    "runServiceId": "api",
    "cpu": 1,
    "securityLevel": "SECURE_ALWAYS",
    "targetedByOnly": false,
    "hash": "c751a13885a878e63afa042200028302582851c5"
  },
  "op": "update",
  "original": {
    "name": "FirebaseError",
    "children": [],
    "exit": 1,
    "message": "Build failed with status: FAILURE and message: npm error code ERESOLVE\nnpm error ERESOLVE could not resolve\nnpm error\nnpm error While resolving: firebase-functions@4.9.0\nnpm error Found: firebase-admin@13.8.0\nnpm error node_modules/firebase-admin\nnpm error   firebase-admin@\"^13.8.0\" from the root project\nnpm error\nnpm error Could not resolve dependency:\nnpm error peer firebase-admin@\"^10.0.0 || ^11.0.0 || ^12.0.0\" from firebase-functions@4.9.0\nnpm error node_modules/firebase-functions\nnpm error   firebase-functions@\"^4.9.0\" from the root project\nnpm error\nnpm error Conflicting peer dependency: firebase-admin@12.7.0\nnpm error node_modules/firebase-admin\nnpm error   peer firebase-admin@\"^10.0.0 || ^11.0.0 || ^12.0.0\" from firebase-functions@4.9.0\nnpm error   node_modules/firebase-functions\nnpm error     firebase-functions@\"^4.9.0\" from the root project\nnpm error\nnpm error Fix the upstream dependency conflict, or retry\nnpm error this command with --force or --legacy-peer-deps\nnpm error to accept an incorrect (and potentially broken) dependency resolution.\nnpm error\nnpm error\nnpm error For a full report see:\nnpm error /www-data-home/.npm/_logs/2026-04-19T22_29_13_240Z-eresolve-report.txt\nnpm error A complete log of this run can be found in: /www-data-home/.npm/_logs/2026-04-19T22_29_13_240Z-debug-0.log. For more details see the logs at https://console.cloud.google.com/cloud-build/builds;region=us-central1/3aab275b-ebfa-4cb7-98e2-8e9661a17209?project=418458858405.",
    "original": {
      "code": 3,
      "message": "Build failed with status: FAILURE and message: npm error code ERESOLVE\nnpm error ERESOLVE could not resolve\nnpm error\nnpm error While resolving: firebase-functions@4.9.0\nnpm error Found: firebase-admin@13.8.0\nnpm error node_modules/firebase-admin\nnpm error   firebase-admin@\"^13.8.0\" from the root project\nnpm error\nnpm error Could not resolve dependency:\nnpm error peer firebase-admin@\"^10.0.0 || ^11.0.0 || ^12.0.0\" from firebase-functions@4.9.0\nnpm error node_modules/firebase-functions\nnpm error   firebase-functions@\"^4.9.0\" from the root project\nnpm error\nnpm error Conflicting peer dependency: firebase-admin@12.7.0\nnpm error node_modules/firebase-admin\nnpm error   peer firebase-admin@\"^10.0.0 || ^11.0.0 || ^12.0.0\" from firebase-functions@4.9.0\nnpm error   node_modules/firebase-functions\nnpm error     firebase-functions@\"^4.9.0\" from the root project\nnpm error\nnpm error Fix the upstream dependency conflict, or retry\nnpm error this command with --force or --legacy-peer-deps\nnpm error to accept an incorrect (and potentially broken) dependency resolution.\nnpm error\nnpm error\nnpm error For a full report see:\nnpm error /www-data-home/.npm/_logs/2026-04-19T22_29_13_240Z-eresolve-report.txt\nnpm error A complete log of this run can be found in: /www-data-home/.npm/_logs/2026-04-19T22_29_13_240Z-debug-0.log. For more details see the logs at https://console.cloud.google.com/cloud-build/builds;region=us-central1/3aab275b-ebfa-4cb7-98e2-8e9661a17209?project=418458858405."
    },
    "status": 3,
    "code": 3
  }
}
[debug] [2026-04-19T22:29:49.990Z] {
  "endpoint": {
    "id": "sendEmailVerificationCode",
    "project": "doubly-messenging",
    "region": "us-central1",
    "entryPoint": "sendEmailVerificationCode",
    "platform": "gcfv2",
    "runtime": "nodejs24",
    "callableTrigger": {},
    "labels": {
      "deployment-tool": "cli-firebase"
    },
    "serviceAccount": null,
    "ingressSettings": null,
    "availableMemoryMb": null,
    "timeoutSeconds": null,
    "maxInstances": null,
    "minInstances": null,
    "concurrency": 80,
    "vpc": null,
    "environmentVariables": {
      "STRIPE_PUBLISHABLE_KEY": "pk_test_51Sw3IiPXfOAXW8GLOdcuuNYqiwjI0DemhmgGHgFgGpbN6ZnZL6pgZdZ6rWVSkzSUKExQQCqkYGYS1oLRSxF2qzc800EJF7JZNm",
      "FIREBASE_CONFIG": "{\"projectId\":\"doubly-messenging\",\"databaseURL\":\"https://doubly-messenging-default-rtdb.firebaseio.com\",\"storageBucket\":\"doubly-messenging.firebasestorage.app\"}",
      "GCLOUD_PROJECT": "doubly-messenging",
      "EVENTARC_CLOUD_EVENT_SOURCE": "projects/doubly-messenging/locations/us-central1/services/sendEmailVerificationCode"
    },
    "codebase": "default",
    "runServiceId": "sendemailverificationcode",
    "cpu": 1,
    "securityLevel": "SECURE_ALWAYS",
    "targetedByOnly": false,
    "hash": "30ecb0b240edf414fdc1d268af59f70fcd5e28ce"
  },
  "op": "update",
  "original": {
    "name": "FirebaseError",
    "children": [],
    "exit": 1,
    "message": "Build failed with status: FAILURE and message: npm error code ERESOLVE\nnpm error ERESOLVE could not resolve\nnpm error\nnpm error While resolving: firebase-functions@4.9.0\nnpm error Found: firebase-admin@13.8.0\nnpm error node_modules/firebase-admin\nnpm error   firebase-admin@\"^13.8.0\" from the root project\nnpm error\nnpm error Could not resolve dependency:\nnpm error peer firebase-admin@\"^10.0.0 || ^11.0.0 || ^12.0.0\" from firebase-functions@4.9.0\nnpm error node_modules/firebase-functions\nnpm error   firebase-functions@\"^4.9.0\" from the root project\nnpm error\nnpm error Conflicting peer dependency: firebase-admin@12.7.0\nnpm error node_modules/firebase-admin\nnpm error   peer firebase-admin@\"^10.0.0 || ^11.0.0 || ^12.0.0\" from firebase-functions@4.9.0\nnpm error   node_modules/firebase-functions\nnpm error     firebase-functions@\"^4.9.0\" from the root project\nnpm error\nnpm error Fix the upstream dependency conflict, or retry\nnpm error this command with --force or --legacy-peer-deps\nnpm error to accept an incorrect (and potentially broken) dependency resolution.\nnpm error\nnpm error\nnpm error For a full report see:\nnpm error /www-data-home/.npm/_logs/2026-04-19T22_29_16_763Z-eresolve-report.txt\nnpm error A complete log of this run can be found in: /www-data-home/.npm/_logs/2026-04-19T22_29_16_763Z-debug-0.log. For more details see the logs at https://console.cloud.google.com/cloud-build/builds;region=us-central1/3e862c3a-5cb7-41f7-9c3a-7dabf27fc83b?project=418458858405.",
    "original": {
      "code": 3,
      "message": "Build failed with status: FAILURE and message: npm error code ERESOLVE\nnpm error ERESOLVE could not resolve\nnpm error\nnpm error While resolving: firebase-functions@4.9.0\nnpm error Found: firebase-admin@13.8.0\nnpm error node_modules/firebase-admin\nnpm error   firebase-admin@\"^13.8.0\" from the root project\nnpm error\nnpm error Could not resolve dependency:\nnpm error peer firebase-admin@\"^10.0.0 || ^11.0.0 || ^12.0.0\" from firebase-functions@4.9.0\nnpm error node_modules/firebase-functions\nnpm error   firebase-functions@\"^4.9.0\" from the root project\nnpm error\nnpm error Conflicting peer dependency: firebase-admin@12.7.0\nnpm error node_modules/firebase-admin\nnpm error   peer firebase-admin@\"^10.0.0 || ^11.0.0 || ^12.0.0\" from firebase-functions@4.9.0\nnpm error   node_modules/firebase-functions\nnpm error     firebase-functions@\"^4.9.0\" from the root project\nnpm error\nnpm error Fix the upstream dependency conflict, or retry\nnpm error this command with --force or --legacy-peer-deps\nnpm error to accept an incorrect (and potentially broken) dependency resolution.\nnpm error\nnpm error\nnpm error For a full report see:\nnpm error /www-data-home/.npm/_logs/2026-04-19T22_29_16_763Z-eresolve-report.txt\nnpm error A complete log of this run can be found in: /www-data-home/.npm/_logs/2026-04-19T22_29_16_763Z-debug-0.log. For more details see the logs at https://console.cloud.google.com/cloud-build/builds;region=us-central1/3e862c3a-5cb7-41f7-9c3a-7dabf27fc83b?project=418458858405."
    },
    "status": 3,
    "code": 3
  }
}
[debug] [2026-04-19T22:29:49.990Z] {
  "endpoint": {
    "id": "verifyEmailCode",
    "project": "doubly-messenging",
    "region": "us-central1",
    "entryPoint": "verifyEmailCode",
    "platform": "gcfv2",
    "runtime": "nodejs24",
    "callableTrigger": {},
    "labels": {
      "deployment-tool": "cli-firebase"
    },
    "serviceAccount": null,
    "ingressSettings": null,
    "availableMemoryMb": null,
    "timeoutSeconds": null,
    "maxInstances": null,
    "minInstances": null,
    "concurrency": 80,
    "vpc": null,
    "environmentVariables": {
      "STRIPE_PUBLISHABLE_KEY": "pk_test_51Sw3IiPXfOAXW8GLOdcuuNYqiwjI0DemhmgGHgFgGpbN6ZnZL6pgZdZ6rWVSkzSUKExQQCqkYGYS1oLRSxF2qzc800EJF7JZNm",
      "FIREBASE_CONFIG": "{\"projectId\":\"doubly-messenging\",\"databaseURL\":\"https://doubly-messenging-default-rtdb.firebaseio.com\",\"storageBucket\":\"doubly-messenging.firebasestorage.app\"}",
      "GCLOUD_PROJECT": "doubly-messenging",
      "EVENTARC_CLOUD_EVENT_SOURCE": "projects/doubly-messenging/locations/us-central1/services/verifyEmailCode"
    },
    "codebase": "default",
    "runServiceId": "verifyemailcode",
    "cpu": 1,
    "securityLevel": "SECURE_ALWAYS",
    "targetedByOnly": false,
    "hash": "30ecb0b240edf414fdc1d268af59f70fcd5e28ce"
  },
  "op": "update",
  "original": {
    "name": "FirebaseError",
    "children": [],
    "exit": 1,
    "message": "Build failed with status: FAILURE and message: npm error code ERESOLVE\nnpm error ERESOLVE could not resolve\nnpm error\nnpm error While resolving: firebase-functions@4.9.0\nnpm error Found: firebase-admin@13.8.0\nnpm error node_modules/firebase-admin\nnpm error   firebase-admin@\"^13.8.0\" from the root project\nnpm error\nnpm error Could not resolve dependency:\nnpm error peer firebase-admin@\"^10.0.0 || ^11.0.0 || ^12.0.0\" from firebase-functions@4.9.0\nnpm error node_modules/firebase-functions\nnpm error   firebase-functions@\"^4.9.0\" from the root project\nnpm error\nnpm error Conflicting peer dependency: firebase-admin@12.7.0\nnpm error node_modules/firebase-admin\nnpm error   peer firebase-admin@\"^10.0.0 || ^11.0.0 || ^12.0.0\" from firebase-functions@4.9.0\nnpm error   node_modules/firebase-functions\nnpm error     firebase-functions@\"^4.9.0\" from the root project\nnpm error\nnpm error Fix the upstream dependency conflict, or retry\nnpm error this command with --force or --legacy-peer-deps\nnpm error to accept an incorrect (and potentially broken) dependency resolution.\nnpm error\nnpm error\nnpm error For a full report see:\nnpm error /www-data-home/.npm/_logs/2026-04-19T22_29_14_463Z-eresolve-report.txt\nnpm error A complete log of this run can be found in: /www-data-home/.npm/_logs/2026-04-19T22_29_14_463Z-debug-0.log. For more details see the logs at https://console.cloud.google.com/cloud-build/builds;region=us-central1/0b3f7b92-d258-4f50-8a09-2f425794c326?project=418458858405.",
    "original": {
      "code": 3,
      "message": "Build failed with status: FAILURE and message: npm error code ERESOLVE\nnpm error ERESOLVE could not resolve\nnpm error\nnpm error While resolving: firebase-functions@4.9.0\nnpm error Found: firebase-admin@13.8.0\nnpm error node_modules/firebase-admin\nnpm error   firebase-admin@\"^13.8.0\" from the root project\nnpm error\nnpm error Could not resolve dependency:\nnpm error peer firebase-admin@\"^10.0.0 || ^11.0.0 || ^12.0.0\" from firebase-functions@4.9.0\nnpm error node_modules/firebase-functions\nnpm error   firebase-functions@\"^4.9.0\" from the root project\nnpm error\nnpm error Conflicting peer dependency: firebase-admin@12.7.0\nnpm error node_modules/firebase-admin\nnpm error   peer firebase-admin@\"^10.0.0 || ^11.0.0 || ^12.0.0\" from firebase-functions@4.9.0\nnpm error   node_modules/firebase-functions\nnpm error     firebase-functions@\"^4.9.0\" from the root project\nnpm error\nnpm error Fix the upstream dependency conflict, or retry\nnpm error this command with --force or --legacy-peer-deps\nnpm error to accept an incorrect (and potentially broken) dependency resolution.\nnpm error\nnpm error\nnpm error For a full report see:\nnpm error /www-data-home/.npm/_logs/2026-04-19T22_29_14_463Z-eresolve-report.txt\nnpm error A complete log of this run can be found in: /www-data-home/.npm/_logs/2026-04-19T22_29_14_463Z-debug-0.log. For more details see the logs at https://console.cloud.google.com/cloud-build/builds;region=us-central1/0b3f7b92-d258-4f50-8a09-2f425794c326?project=418458858405."
    },
    "status": 3,
    "code": 3
  }
}
[error] Error: There was an error deploying functions:
[error] - Error Failed to update function api in region us-central1
[error] - Error Failed to update function sendEmailVerificationCode in region us-central1
[error] - Error Failed to update function verifyEmailCode in region us-central1
